account,whitelisted_PLTS
0x498Dd5A79ab7e19Be1dA81738239214F807E3462,5612.166390312745
0x7236C751AeAC3D1f1F45811D995f8334853ed23f,2798.2020733936665
0x9b5d18e45a57F21c3C143B166FC0bF44133c86E3,335.919836068447
0x9D6d4F946319ABd76F3249FAe0631eb123C743AF,532.550667686139
0x1B9C3153eBB2AB736fdDD93d916E3E6dcAE4B0b6,55.85684761370791
0x611DD52C2244E675b80fCFA0845f12D72845ee11,22.37560793361122
0xaCDcb6f462ffb4a3eE5194E00cEf1F3Dd882431d,213.3022720360816
0x8979BB88c64Af25B2351aDfe50B70255F560eE8c,11.771517188177926
0x9Ba90A89382b59C2E93f123452719d016483B590,38258.466621537584
0x8562C682c84Ec4F953d2A3E0735B7e1636Ef685c,4267.288089878162
0x0A1Dd0Ab319a8C31aFB92094180BeF3a16eee021,222.6142289269635
0x08EeBf55FB10386415BBFFB9122aE337520a3548,4954.080451034769
0x4b8c818F234e6bFf9f85fdC24CCecBf42Bb40319,761.6854280319579
0x7e54F999b3152c2A1E518840201f5D9816e4b843,46.59702873711255
0xbE93d14C5dEFb8F41aF8FB092F58e3C71C712b85,1614.7918141201708
0xb13B9E1C8C15F789795b4a3cdfbb172e37673208,3756.491880570434
0x67684a8c6D66e63dE692Add5D3C0712a263f0C9F,317.68340069937295
0x03e0F50024A4Bb277E06dD8DF3A9172Ccc214A59,14473.613353967934
0x8e90681c55B503dE6a64b202Cf1454cbb1B1d8Bc,796.0754976282946
0x2Af893C67E698C1F420bC4e4a44E4aCe60aE7025,182.14913407785951
0xF2E7CE54083756627f86CB7b691489fAfA78476f,668.0488599017098
0x62CAf99080c8E3Eda2D73A3E95CF8A80F849F725,1973.6607784499204
0xC084b91C909414DFE105D4c4D4189bECc0D2A284,135
0x4E96754DA125F39AC7d43D9373235Ca87Cd549d2,149.8948521384996
0xe311Db79DD453Cd2a4C7383e950939DAdC1400A9,3.7932554927901747
0xac376Da974F03f18E759639fEcD0A1A6090F9542,607.3862485273303
0x9e953C2239b59AfC69E21B2cb445e14795Db5A93,7.688041945539339
0xA938a05dFBD9a5DED3DBB6f92c5D6f0C89341657,713.6567189921454
0xE6D860d6B04A00D55AEda46fB402a3d9A2Bce20c,1293.6290413155573
0x02A17d40E829ba68C49e0a69247717a0603f4d47,66.46663275970528
0xA17BA7C5a9c3DFDEa4305856260ebA205D448D52,85.83072138835891
0x99F1fCc63287558340EFAfEB6b22CcB6C46eae30,104.27598253579043
0x89Bc67aC85DbAD2BC95f194DE2E01fb05e628349,591.1994804552005
0x7a0373a8789562dD3923D3c212e249E5E88723cF,1996.0314921217603
0xa78f2c13FCB8b6999Ab10F160c10C4Fd2d18384F,2497.3873632673694
0x908d544c866104a22a4818a052cfa423Aa335BF9,960.2262157659869
0x2F87423B6a9193c9ddc5070DadbD3ac7f05Bcc31,52.485712759707845
0xF473dBEfC340bfC174aF3865fB2248fc071Cb3C8,1272.8029944395043
0x19d2eF4966b2880E9224d576b2B8f6ddc15F59A4,32.096256362754666
0xB0848EE9F1C0E3c3114e7214881089eFf6690C53,471.70941380705074
0x3b2eFe092ba48FEa5efdb91DE890AE1A8245A7f0,8.3989285691729
0xCFE8a0410Bc17B061005e4f1951C675e17f594f8,1538.9949375129158
0x72355E1377e4C7E4516acA780F2CEc1C6d3820a9,45.74177129004329
0x4618F344F19DBaB977d5919d3e3a3256274d043d,401.0714658503166
0x4DDF076601774471c9c2DBdcf02A361a3451f11F,21.461118332197806
0xfB7e876cDB3cdacd76C56Af9CFC0C5F105048a68,99.10659591863944
0x64d50eCD91e6FC9a549C95226D616D4BaF614D20,393.83092838598736
0x66CA9a34133F3D5dB720a64Cef2Af66C1Ef53428,18.432041599729793
0xEE6619E5A1891dD84eb988fF647646d2cbC313A3,349.46920119582296
0x67bD7C336eb202239423CD1639AE8A508F6084Ee,3337.1738577434535
0x2D2E638299BC57B90a93a46c10de2d6CF0c90690,1384.4417092470653
0x0089D65b21ee0d8915da224b2c17132502184b97,132.05793489380025
0x581c7445d443dc7Df995D2502873Da3f436C09b4,319.5109617886389
0x120f5C9cEE73bC3283a506005EBE966a709D7Fb9,308.3437513791133
0x79D860858361577A4F2a33D83AAC2299b6d77025,8310.796808278497
0x29B355B95369C04C3A4531462672835B5de176CA,59.11340430642257
0xbE0dDfF9B3C98fDBF8f80C65F3462221537E774E,178.74451972193978
0x333368262cf7976254C6daa9Ffa740F53d17DbD4,40.14539359158563
0x72f08E7b20bc5f91b8C08dC3EB7374C5FF34f9cE,305.39239235941255
0x85CA40b9A4f2b26755C41a4770C79b0996cA94AE,339.23829368568397
0xD23288cfb234C124730011E011Ca52c9b23511C6,966.0093014407942
0xfc25bd8d2Bcc7135e797A47dE99755d8d1FA2F09,166.83581531043276
0x7d91726d37fa9caf6baFDF4a03F3C55642e866b2,447.11415098626094
0x2f5fc18e49607Fe9E35285aA575029a71A4372c3,293.6503602676032
0xD92F143A1a057b302Caa00b11E7029DbD88Bb5b6,91.82754402117475
0x2Bf98dbF38546EBCC7e5e4B8ACa7572A567Bd13e,317.6312389215759
0xBbbB916bb8Adc7635C0d01BF14a917DBA4a8f438,10.93472748395087
0x46F8fbea35E9E2Ae619a93a0cF5269b59f551278,135.42238692938082
0xb1422D8fc234593EBf2446Ece3010eC9C106Aaf8,7.517217284481476
0xbd9d5f836CBc585Ef0caee2270C2d0A33d9b65b2,183.61332362231354
0xA9264e0c7026D9bE9a2B65638CE8730F3C0d7AD2,3681.252534620053
0xfC559335902d9979f552e74B60253d25DDa1b2Fa,16.095468399725036
0xAE30f9B73318F42F5e01e597B97C902f4f556Df4,70.90181512588143
0x54019E9ecaBC581E0acf08B1228B94A395Ba457b,75.02494122063254
0x2e27B62406559ce0d18Ce5897A5C12be6bC19bDf,17.940848354559048
0xDF21A9178AbD3b7F34EF3589502e821F307e3561,128.1098077945363
0xeF307aF9b853fB57E4AfE10E0c7a0Ba9eeC67b32,1488.1964778585416
0xEA7b634B09c4Bf35EB5f12EDe6e32d1e249aadEb,37.791211461572466
0x687637f12c74eB7006B29bB28Af3D77f0F92a41A,69.1677580218164
0x279ebAD6373e9d9A16f12Bf6e1142130bE4B6dEd,1.0254430122254932
0x28219008Ba72dC7003CcEb783D4588e8b0A8b27A,16.933396334723984
0x826FFaeb446EF72690AD3f8Ffdfe9109e02eEeBB,2130.4583773285867
0x9952814d76a916725A3B3eb4d7154a2826103640,132.7591031613987
0x455E186103Be1500c48A2A9087930C78b9CD19Dc,317.37979872326156
0x46676183529DE18C6d418FD015e24b9Ce380473b,1235.9103850698882
0x8CB406FfC2a4711bd44e54E7a918A2991c7E8e0B,666.4797576857607
0xcC90c10D54368321E4f022D13334490c52FB6121,112.12561952289877
0x31dA8769c92f14ceAeb74FcBA0808E9297195118,3
0x93C8C5E46c92D3a5001B54d01BeC369262773a1f,1072.2130476619302
0x2dF4450F08A8E54FdCcd5738D39AFD45Ed577EEc,715.4449797189333
0x023513C05bEe249009129bF494818072b839F2d0,8.197295578838213
0x769a1d4f4Ca865e5f73C15E90F7cAc54B16dA2B7,52.120845647040774
0x46A97702Dd79c4B7e3DEcD3851aF38625934092e,15.730994673776959
0xCC0561ba1Db49978618AED16dB43D3f5F8FBdF62,2718.324555108833
0x0EA21bB13D404a1a8679e7f181177E94f4688496,784.5139286264903
0xCD22eC2C0c12D061246555Ea61c3726F291686Fd,2176.043808202746
0x72b685215938BbA28C23c1B7D8214aA6D1716454,890.6986989371088
0xe2862aE361eC309966bCDC67A75AE5923C830969,268.2966236795623
0xC167b6c615ccABf9465C8Ad1f0B3b5854C555673,74.56697591819577
0x666D0231107CA54d4f20Cfe60227fe1Bc7a84E32,0.1694283306136569
0xC079aBF490E72509F17ABCD93dD99a5D1bCBcD30,162.52071724699437
0x3560580BBe7411a963B859f5017320790901a4Fb,933.5422598827545
0xFB8e9f1725852fD35dE85E4b64224E310C93065A,999.632036757865
0xB3b121860287839E42aEDde8f211e8392E81f0A2,92.10318159685298
0x2884885673769543B0bB4BbB11959B01E504Ab4C,40.24040439780936
0xAa91744c78CbE697d2D474909A18e4a8B6f602ab,101.85224787372138
0x92244B4E211a02EbCEAD59ef12e0AF4Ed9BA4764,42.49580452740336
0x992a63544D9D0bD5e9Fc3A3CA29f9d7afe2214Ac,327.05132871069287
0xAA7AaDed221fc537590f395184399D337B1f6fB4,126.33222002136708
0x5Ab3a4c2581bE19F025a2EB9208839507c46E5bF,16.28097371216823
0xAB90833397Cb07287059A887e1335c108a78f0df,195.50803962667212
0x0C9417451159B37175BEf8F68a48aB1a9Bb5A62B,267.7797956318636
0xd8D930B7E563189e0A6A9EA259Ce8a11109EF133,50.227416262763036
0xd9faD3926E2eF16c93AdB4F02E74dd25BBF662b2,16.217846241479993
0xBA610c1E291d094c808b47F2e44C13d9d79026A9,17903.15508833212
0xAa96B3a74Dc6D0CD03b316FBc7a8A2d0D629FC5C,108.17785254230472
0xC2C9522e9FbB3F6682fFb361013D9560c2fF6357,0.17780096521735514
0x3890C6B13De444029c30621e911F0D5b2361810B,50.271966345072826
0x23AAa6bf398271c08500D9526903eEeA14477325,16.618569015022594
0x63f1F224279F07f29EfD4006660BeF65Af747862,17.082417541883142
0x9A438A5635cc1a439A8C41Bf3A259758a89Bd785,52.17232281138085
0x9b212D75B49866AebC8674830F27bBa959499E36,547.3918083623345
0xC575B5e473EF412c78DEacf11AD57E33e5c2639b,26.707404106878993
0xfc8084Cf7E0f916f114F9BDd8A86BA2427EFE976,1466.2494438263634
0x488FBe629DAD546715e1cE2461C7C3feecCf599d,15.890042767778368
0x810EF00caE4f1A132a36921C7363b1A6251C1894,12.543563293294108
0x4DdC8906725325F5462a8c3d02cdBD0dE0AAaA91,435.5782930708104
0x85c772BDE8f67aC4BA2eF35Ec7f2C1dF9fAe464D,54.522321706687656
0xE64E65dd57B02DBb41dDE26C07CbeFd4b52AB2Ab,26.57149352229591
0x9d3A972e32881d3B8670B2Ad4fB7386FB8142086,10.945555012010795
0xb0079838de6f47B67C6d316d8aedcDd1109Bd6e7,470.08333442079226
0x9Dd6F45f378bD72D1C51aCB069e7e86FBfEC585b,2412.5414706510455
0x662703E7d7F5B0b6b9CB3879933F0e3E0368055a,100.742776384097
0x730488d5FB9Bf55A52FD10797b7d549B55D708e4,70.66004499498796
0xa98ec0d769e2208b6f6D1D37CF3C6317c823d871,5.8852913283604
0x570e0a5134b7c52Ad0b8C42C6aE9C8D4F2b1291d,2059.061120895298
0x9Ba1bE12F267cf324D02193De440942E44698117,110.67262544572935
0x8831726Be976F50D736195006E815982709365Df,119.89868158044831
0x55899fd1140EC8e691B20649f282905203487911,2.2911038332685516
0xd30fE8d6A7D0944E4A3A3E13ef53F783823502e1,150.0193338458123
0x85871238750343B403bAD6a155b2B35092bDc6B0,40.12932725567951
0xC1464d0922e95e1F8f19Fd3fDa6b9CB9BF681735,12688.38792042716
0xb5621c2772c3278cdd18DaA702670051A62D93A2,45.95282694982256
0x2633E2642E83FcAe6F0cbc0D186BAf5dA221BAD1,54.06506263129604
0xc4a8cD7e51Ed9ab9580c51F7eD23a2CF12D8b245,0.03447002478733723
0xc94cDCc2f31B97F7DaEE46B62366271C314b0C3B,46.45565011873303
0x8232Aa231e17b54E7B2BF641D9F473AbC42d3d2E,156.6399173931468
0x6f2e089A043BF4B466c13dD4fA275680A293caCe,19.66682359104193
0x92cF0050f5fBd7F18d3D2e66D1461EC5b1648861,230.08723431422467
0xe0250374a32FF0a14a977c5c50c7950b65870f45,9.583780373127704
0x67430abAA14e5fe522C9eE50fF6987912A8C3338,42.401097260832714
0x71557b39e2da7d3BffCad660E9f24211C61e145D,38.15120141672948
0x864E836E80a1949EC292e8dE5f8904c283c5A710,28.051345358807552
0x33f2A7cfBC746d0CB19d0f4f83533a4D569d0704,54.62011514709689
0xe2eF93b094765361A23aed57d707df278161A2B0,1901.0250648209674
0xa2C1eEFC7F1d2b9bf8b702ba7b0b8070666e332c,9.725293475711851
0xC728F4bE47f6580087592B59E8F5E3a8A7E09Ebc,132.53279578075353
0xcb7aca1C32387b63C9D7133e0e38738FA2C2D4e0,32.47010850985429
0x2153Bd212382Cad43C67CB93DE2578251D021e5e,0.22754060406330268
0x0B44BBD639dcF545C49F248F6E3C291DF8aE7D0e,981.6227474764761
0xcED4C7FF9bDc8aF4108488B02d2b408A4Fd7f558,688.7486334237865
0xCCc9553064d35fFde3061CcBdcaf7429c7C5B57E,0.9160181561895365
0x1ead9B797acD161F5504147b94bC41b16065CA56,7098.267721093099
0x7A155bB081eb46963740150B3a73bDf8A8FC6FFA,75.35535710616597
0xd22c9AfFB110bee04A500202E39B9990E2205701,136.7671450041512
0xe0D3B203853Fd07904Ec42188836b967afdDA690,5505.132450935584
0x04b718ea9ba2d115138f7B5019B86EF3C02C5E8D,6.281269156075425
0xfEFFe72B889c2538d91bDa61f6D3061Be83E28d7,203.11812546796838
0x28F5e5d956b535fE279bfbE57045Db1011c98C44,9.636813068660679
0xc2Fcb924E97724266B4ac59F397BE4Ed249E5999,237.64769243278695
0x655e2391673c682d2D167D1a02C6C9264C6639A6,45.46191410569213
0xD01d41a1dcf8e73D74870D198b0c36Ede0A4D4Cf,1108.3751903866473
0xBD12C9b04f6AcCb574F23E02997A0D083c8380AC,10.109281639098029
0xf8A3B723B35144A03bD3b388e9Bc7b2Dc89E514E,15.952686460897374
0xA7d2Ca030251B5F16B7cA4c8F81c0d47Ef3b4587,0.48115874655562885
0x05e5ab383f3C2D423cFd118B83420261ab0990Bc,79.67321375856764
0xf9DDc6282540B90f48a6E49664c50483bD484F12,4.620313599185915
0x93E0De40144Dc644F0318826408165686916D41f,7.195314435483337
0xcbd9Ba7A19AF1F925c8eB3200C87B607C863109F,30.520192944480932
0xE890427Fe7b508c5305C06Bd328ca1B292FC5668,9.03324275575466
0xA22F4daB60fB06AD1a0619670A5edA7FE9744901,4.309423596819836
0x6765A6f548B688CD4C8216Be0500B6bbb1045748,0.030782398031841757
0xe3f01af7931050d80350704991bb9e7404DA07dF,24.08898691580334
0xDc5b74ED19E70CB86c7B4a9255AB2AFE3a34d842,1.2610240606087149
0xd197C975b29775B1253EA336Ad11c9C6Eb3A2406,2485.980340030486
0xcfC27450EE34B63f17bab87fc41C0c8EFD58fbB3,215.81485324181608
0x7d53cBCd82AFdb20BaBC2fAaC513aDDcA0778309,22.612060797461375
0xb971740d8D36acCf2ABc0Ae69bdCC5a3E0D23AE9,176.34013894843963
0x4d463Cc06afAb96168a5ee76C48a220241DDB090,5.359286923739218
0x1D9f08bE69fF146926Ec7Bf9b465984a237B2Bb6,19.484503448072246
0x5B872607DaddCf349b85cB99d82D157CE64b9BdE,1.7940367734994678
0xfE429e50DF2d0546cee54ECB34c90749dA056e7A,43.74094521654315
0xfdB8580bA2dAb8E453F91f3dF1442cA7bAe699fa,8.19166641629576
0x7cc51d0eBd9B3F7527a07D2849731425F6e7b1D1,0.3490633899797077
0xA570535fE0fEC6E2E0B79593d533F72fA65B24C3,44.49242666032522
0xAF6edAf8C69A1E9Afab7822A2CAe9A6dB3125f48,109.18769060486831
0x01B3776688AD4a0f2e0C3380F15F45f9005D94EF,17.200337209952185
0x1C59cDC6f89d7c436ed0Cc537Dcb195b38e6ebcD,61.93963148624785
0x64BBEAbd91b57681E4b9d7377839F10cfABba815,69.3
0x03f9887B0681Dae61a0edB672a6E1258414CDE60,15.084814521099553
0x26390500636e77469b48797626E00cb4D07e88A9,6.3492791851310555
0x87D72d48327d3F212346ecA6E9fBC4Db427cB93D,21.964532578459306
0x2B4C9ab5Bb159DDc971E0783430064fACF7e8d18,12.896222572692547
0x74445a2A7F4A45bdad2D3b95262354f6De8148EA,2.2561134198122383
0xdFE875F84E76843dD87FfFf8A08D65980700CFb5,10.194304847505135
0xEf0FeBE0FaCBb9dB322f376557efFB03479cf9d0,579.8300009184267
0xcb98044880474f22829a7Bc65524943702Ca38df,15.968301139931814
0x316198D34D0Ba8ED715c46eC756d5DdDE43d977D,15517.097367655106
0xA6eDa7aBe4c2B1c1dDF7A597eD913A09fC5CAC76,20.06334950942952
0x05E5475917B8c85F8ff3e670154F123b9bC9c8B1,1.753037379203075
0x69FbaeC4131CB64e9828F7e6fdB7e31Fa4A9e230,404.6487291842413
0x8bBEf539C1eD386BAc9dbD50b53aDC4C58a028FC,546.7088651219606
0x6dAc62E20F3C62819e98148BD346E44506778024,31.691194281386807
0xE5b791315Ae63e6e52AE431E37C5b5Ff4f00fF61,42.44403918340613
0xA7e7D343816EF99b15182257283bf4C97b76CF09,6.378384234480759
0x5024c7E1e0E2CF34721927D27f868f96F219a483,180.1625663850289
0xBC066b0b4D238F42fBd2f33526746fAeB7512d9F,70.62419259502944
0x0BCD12FC3A1B8B029A8f4e91b4169aF0eB25464C,10.54
0xEE75Ded36Be9eF3042c1dd65589bcb872c73ff7F,32.427733892632716
0xD4b6f06F2817970dcFCE6DC3E9bA6298e9e85Aea,373.1307039529924
0x09E0577fe67BdB612A6d305D6390dfbA6bC321F3,1270.0022899851704
0xbfA4D296e419CB37D11b75FAEAaF25b8a4d81655,30.38489893847632
0x27a4D26219A16C1431D211fF52F161c9F154b417,285.408724303864
0x6dD9A0C93bAE6F591f3f0E09996C93EfD2DD6Fd7,3999.999412405414
0x4558A7edb2CCc335E9F3dB54d0f409B2e91CA2bc,272.57
0xd7794f7082EF7c616678455475aE6A6081E4006b,4.201719912462569
0xB035948E4F3a4e89FF565A5d7b592db57bfCC05c,54.32795617484091
0x3A63D60Ee191b6CaCc6Aac09B94378f2F431cEFF,17.158598221712836
0x8026Be0a070a094313e8515e0e3D81c5d3967449,11.502242173770844
0xb07A11dbf655c657063555f24b304958C208b926,12.871711900996875
0x8bb0e2B5cF5eA4d6e9179Da052A9a593F27F4974,1.5640134168623512
0xE3ae7D29CA7654A0ccdcBBc9D20B6912eF98DA9a,64.39263057180347
0x9131F159652ba4ef40a6a26d3459120fED32D764,26.765387434368712
0xD62F49Ab24BA30fc985F293d42A062D47d2bB699,28.043144176557803
0x2aE2739b44b1EB135f7138C30F02dE2A1CD0cDe7,63.14466906505162
0xf64ecdF6e8e4BFE9616cCB2A0673c6528bB86639,158.5086394639015
0x67F6b414F163B3E38ae00174e5D6c9462A7231BF,12.844398449523212
0xFB8aDCce736BB46e63c094206BC2930B3CaCd7a4,8.308759607683228
0xeC6495233997B36B2f7f2F56752895b2b24460F4,169.05578802970106
0x11155309f84035556297e417B1dF70d924B0FBd9,284.19252782459847
0xbB70CA954d89779F8AFAAAb8Ae383b281e3B27A4,746.6041856836375
0x9665C2624732406B74b300DE00df0aABD60674F9,258.25428476177865
0x2c4Fa7394eF86fea84cE3A3f0f37FA14a484f101,506.5835531489178
0x806cD95759Ce535D4B385aDAFBA6B33A22f4E7E7,29.632269836608963
0x2d8402e216021458E1894457D2339B8Bc7E39E88,4261.996064003391
0xC817673be2a9B40A8bF83B30921f0b392490441a,29.192794536644108
0x474B5E6B9ec0993C6C942158Cb23BEbCeb4fB764,7.19802653606581
0x92f4b35d2952DA8129627684221fF1BEc4aB3f0E,9.02793952134598
0x5069A269894a5f8752bAbCFCAf19c3be3450A1b0,14.835912935886508
0xFAa743895F128a90248E6726AbFdc10642A43Eb9,7.436600269260494
0x020c18C69Dc3be4cEFc96fDF629C1483Bb2ECeaF,11.208754257845262
0x17c67A91c22B29c29B1162209269222aC7ABA61B,2176.3451373576363
0xf689662E994716567980BC243042Dd6C7300f089,7.430919725329222
0xB40b25b49045375bD1Ae731eD2E4F18c39a39E1e,20.787222038347743
0x8f6D96f4fc7e6aefA5fe2a0efB6A1EFaE7E8c016,6.147523975806146
0x1345d5207ad8A892e763280adb20028c31822aE2,17.67927961373909
0xe35F5389C4FE656A9263B3E8E9eB2f1c8E108E8f,150.99338227596877
0x92a81eB7947384AcC5Aa7d45330d25F93bAb33C8,107.92203098836846
0x20bA60edddc4CF7DecF38E4fAC95398bA61400B3,1.9480832203324325
0x2A8C56bD6DCE4920B53BDbfCF47098B759b55B7A,43.29457111303938
0x92d1C23C80fF5D594DFff3C592E44d960C92E7A0,0.3123424431474018
0xc8430662a4F653aEF973F17faB548832Fc476E50,405.21055505156755
0x6f8F310783A4E81eeab350E51806ADEcd72b44CF,4857.213195555824
0xaAc75DCA321399ef9Af907b9B73e26c2aec4Ef1c,13.147284787731776
0xFDbF61d09bFAd5B38963369eaC44F26Fa83B8F73,40.89321780700791
0x5bEEF6F00B002498A09837604D3da502D854A4B7,27.22494961048695
0x971D838d77CE48a945dDB8a0181E44Dc15C332a7,1968.117715019955
0x503972B5063ac4d8F69831583fCB97A837e8B719,24.185068465577615
0x0bF2304a4514d53bfC522960280760ae845406EF,77.14416615631548
0x486D66FC5ABDCA0F62728DF77bdFE49D0C5A8d2b,72.68106695251097
0x2D6540ff759F4d2194378AD663F0F14C1C9Db430,6.999104823953356
0xDdfB071e8376C595d516566CAe10AfC80dD71Deb,103.82662407943951
0xB3aA27208922f035F42E20D8C041042DC5b09ab5,5.296317849575098
0x47D914f48903c676b67d14cd2cFE630F7E12b338,1208.6246206341798
0x123953672b0ae4BB9ae13e07259Fa53cC0Ea3a40,14.135821467309373
0xBF24EA6A32921845cb46E2E95ad8e41110eaF120,211.51447783943775
0x7DC69Fe0d96949643c713F679bED03254C848b68,1288.5957591458948
0xFe405BD03823D8093f537AcCBB17545aD426Cb32,442.05423830599835
0x23acaFc34D9C382502696F035f074de0bC40ab36,336.9357259550485
0xE13Ae1DC3d2f673215E1F55c2652F0b36cCB268B,56.12873359457057
0xC39a6D881B182f3087799a716Cb5c7554969B1bb,18.321596260289688
0xC2493150727198a001FcB1A5f35FB477D506959d,13.704804993081616
0x384c2A8a7d62Ae61a1F50f06D4068ce1dC6Bd979,2.514860016066965
0xC87a91dB991FD20dB903DCcCcb6F1DA470dD5DF1,23.271086122560053
0xe816fAEDAf119Ad6282494d83365bB308DB9C4E8,6.61
0x58b098dcA8145cFa8C8E4Bc7495A613f525b0028,35.236967301160064
0xE9c806549414f838F1FaEe629706Cda38a9a41e0,9.374684790289054
0xA9424307d5f069Ba1A9C90ba971BFBe74d32bd42,0.17509877049654324
0x8eD5A421383Dd00FFb6b2397D8E60904889b4878,2.383477914463414
0x8BACf86066d0e1fA13D750712ec155672298a0b4,84.66898124778331
0xf1dD914B7e822ef270eD1f4B6706C710D3CC929E,4827.217968971296
0xadf1da4e02D2345eC184d9B08A08daF4B1E4a4E6,481.136125409406
0x6707d316F00c88e71182871a88954c24C821d2cE,6881.487283601226
0x5C73f4DF2dA3C258d490E91e1beceaaAB2742196,8.962153061363642
0xB92fD2a199c2c715011C53B2A35270F59cF0Fdd2,2494.240266448808
0x4c0eB2910BB401B3BA968587800bC5FC94243cdB,3.779803015745349
0xeBCA28f6408D0D2F229fd2aA12F3D331fff0B9a4,0.9224132498275889
0x35C1Ef11F758a7f358A39ef9A8445af875E9463E,195.48271510983705
0x6b6cef32EB006605c829bd11da280aEb9fd43c38,8.08596323013645
0xf316160bcb0A8e92bdB60BfE7167D10b5F5FC13A,20.176467106036394
0x08C291199cd79dFA1059d893C13A7F8f18A21eEE,6.404517414602914
0x0aCad40c3920115AB1BDEc51D9A928EFab071038,14.905171037635613
0x9907449886f7bE720a0E45889C9C07ad8c91B24d,6.615887024269049
0xdB231f4D6bd97f624Fc4572bD4A73e370cCAbBDF,329.9814653694547
0xcC6d744bd494d5E869EADD9229AD7d34cbCDBBa1,51.91670134689947
0xe4D52b2765c7b787D66d107A0D9f8F3083A0bcA2,240.13310764096255
0x1799aF8Be8890F2e0544Cebf9fd0F7E9F4680500,16.882492787541274
0x7E337789D6d6cFFa392709FB54247047eD03F4A7,38.08839373657988
0xd3A10634598eCaD9Dec0b9f89b9f2d5a4704D26A,2.8853950871831593
0x229eC1b353F89E954Ad2349eEbfA2942be6fd1b5,8.797140788678057
0xB5123E88A4A544a0d9E94fAaaaB7641E47425d3a,12.093026748891493
0xE461B0e2e0Dd528593939dC272b0437610104693,3.6098372166031503
0x74Bb0C1283Be78aab0B99B7e6150878090Adc618,76.46060402159134
0xABAf155BF94bf814D455862c9eC484D0f8712fAB,10.125064629119658
0x907dF8299fa5f31a363488cf05855DBfDD22Ff3f,395.1970286137933
0xc10892DA35BF6D62ec482329656143F701782298,245.85249162137083
0x0D8CEb3e893349297f853bE0943deB33565a09f2,182.28134789559184
0x63c4ccD81c7F2e59F1DdB8a931ABE6616995e899,2134
0x9EE60C1f24Fdc2947B4B37Da3039526F5F59F0F0,17.470179337165547
0x7cef2432A2690168Fb8eb7118A74d5f8EfF9Ef55,50
0xF44f93ad7372eA777Fe685D79342015B9433a38b,66.77029512580246
0x8a35B2e7b3bC3794bDd8d0e2Cb0D7d60e03fd491,183.44241474357693
0x838B15386DB3c7969A58EA523F8A4E86351D499B,784.7712292826111
0xE4246eE6eFE38109b7e6a2b409D7B21533F113b4,2797.8425307199477
0xb5B0c913acF48Bfb7bcB95e2F4fA241693dea513,27730.06148968685
0xf1294Ab9c2d72b8131e4f2760168C177D46E00d0,5444.351703839059
0xD2D36ed993A2DeF97105e47D6004e9a0e3806453,130.21846027361977
0x82066D83Ff8b010e419a9EC7c7015EDcFa1c07f0,1830.959247965241
0x0e48DA4CB9800E630D75165D32CE9be2B2F1285C,1097
0x5e856C7b48758DFDc11065a3D99D5A87e1C16fE1,203.90311511130483
0x3300E06d7e5992f260258D14A4Aa9CCa56346A93,3.8580833788357465
0xab12d343c71948158288fA0c65D99df6de496297,1931.727910704191
0x80Ad09f654299397903f9668791ACd122FCe9b2A,2012.7809624212678
0x2e72E1A5958B906C9eA0C686aDE24Eb7A22f38ac,1095.279820808172
0x2493C86584C8e4249FF0ed8c794a7277B7E6a641,41822.13601001585
0x6ab963bf11b13E49a3C6E9228E19115448bCF69A,40.49847468950688
0x92c6688F78f4e0fbdAb1E73D04649660D9306B59,45.62809392941152
0xa509C3Fbc0bEb4eDfD7e7CcDA2bBC940CCE66e01,119.97083351101361
0x560a757a2dd9E78A904879E858d970Bd92133cbc,331.660559349986
0xf35E2f3E5b18F80f236175d481a751e5D8B659ee,43.307641294893735
0x673b047b8B2041763775fA7d61Aa94D48aDcFCBA,267.7822416273646
0xDe1D39ceDd03170090B9AD6453B1B5881593F472,12864.168430416667
0x30D80B65D7d5Cd7Ba68735f2f540F82187025e38,636.5598856713337
0x1Aff336E1772725569b18c419d4179c376BdCE29,950.4317964655116
0xDe8393250906Cc2eDA511fB665ccA04faed9f433,354.63939756301704
0xF43440d2C5a1Dd837E399186AE3d0EB710Bc22B9,11.601092931443675
0x01d2568fF09C114c82Fd18E4bc9757291cC06Fb2,888.1167138943377
0xB71047F9Fa56866D2F84A4E20Dd6ed4a3A509a42,8356.447309512394
0x5aE38F454b3BF2F323FB3D11a9869Dc181Ae74b9,998.4147459555311
0x1C31E66dcb229f32785512D4dcC46a7367f51f72,26.38120106483165
0xd7E0944b3166E0b7e4c3616d0c13A2fC5627cFA5,12610
0x35C6c4149750274a9d78B2fE98BB2fACd2CEcAF0,2.2120761139261376
0x1d1653A4F05abC69EE1D995624AB5F004a0b38a2,2576.3390511318908
0x7E7257eD884c00385e6CAf99E25E9486EC4eaa71,556.173415027925
0xC83d64526e9b023b7f35816E0E232E7309F276C3,25.874092107910275
0x6B4Ef28CfEfb8BAe6c6973c96033d30691412A83,108.93485065053397
0x2A2eD130f35a3801c8efeF7A9C77E16115C1aC7D,59.657939120506995
0x7bcdf436cC54b7e4e29D002C0B527E4231865E27,129.43547173192658
0xd4B57DcC298cAB64cEF93d39F9FEE1b015D9B313,550.0531882989484
0x2E59dcd5370DD1240A5cC54E6dB2707f6Da10D33,416.4857083310382
0xB1948e4A57BAc5099903eCC14E6f5B988fabd05e,2734.5667248618693
0x4dbEd9cCB58aa38ee94A70F88d3B03b9AB6ADE03,786.953141475518
0xaB1a27Ed3c6832B864E1fA2bE09b3336A7Ea620d,266.2714837687979
0xdd8Fd8cEfd4A6Db531cC00CEF1ce46009fba7158,287.63080189200105
0x07650Be74365A4298C90e91BDb9897058353cd4c,82.38094006715106
0x0acc7B9F18a20b7de3651355d52CA7338784B794,81.05693377797616
0xe9414A33c911BC82E4AB6954e653890d6D89FE29,746.3255916198025
0x260E50dFc9ee172919fE947cE2C98704A5D33894,5758.9986378410385
0x690D4Ad41756F7d6adBC4F450bF43A433Ee03229,20.380425122476176
0x7b0206cA776e27Be8dCf571b6520865ee2da2188,27.68354586489061
0x2de90d807ce1db2b277B323Db72d3714090C213B,0.6758714852944868
0x67f20588a35587c0d3fFa04eaB363EA39ac83b7f,2428.731984062757
0x5632B46C98d5C26806237a79D3E28fC36c24Ef98,24.999953169609547
0x83ad2F50Eff479E7AD79Fc6BFB3B7124C32C9047,34.82097942113607
0xdae1d37767b844dBeA0893a69Af3aC305C8C4179,18.180069558640096
0xD4D7Ca5648a26518d1C456e34138679e636a59D5,7521.698272632026
0xE1c442631d1Ad4F89ba7Efd8F899f584C4DFe80F,10.404305359524244
0x691a0AEDEfE19a4f05f8A4354A82B89E7974130c,2.897019833076618
0x9eBEBa96f4e3dE7C348c00D6268d43E93C137040,3055.1002299015213
0x30B70FB5576F02c11741355dAf6fD1B6fB1573FB,37.610280616286964
0xFe5ECf863250a9ba380E3D08BA8c66b2b4f71801,1940
0x23152CCE1c72Cc6Fd0b7C375f342541Da39aa730,6.46
0xE79973D4d105912b499DA552f29DCD9e95b0b474,5.26
0xC361437Aa94576be8F59cad0198DDEc5c9932db2,6.67
0x451123d187c65049559d5F50A62b9aE11A351F00,22.63498471147841
0x92A11D075A6cC2eD7FeBbA538731575dD58b2ea3,2070.863359128055
0xA746c5B81790F59F8d11653eeD78ba4466928B66,43.21641755442142
0x2db9c72646D8a4843f767C78439BC67aeC4Dd415,68
0xbfCca80b9b9A92ee0015125EEa9596b1fd521f32,9.01
0xA4E5f574598e4c439bA31CcadE553D8a195CBCc6,0.6643734295468927
0xf212f8973e4b7751D09c21929191575679616Ef4,649.7353972011629
0x08528e30304CE983f9Dd1c3fa878E8ac7b4bd483,345.96031742874476
0x867e4737A47Eb2F3cba81894E205042d3dfed5FB,10411.742669911217
0x2f7FBb9c9C46c131D8a81f5701741b8D67836765,368.46268899321257
0x7d3bE110329F177b4255305E450afECbf682b2A3,24.252489579065085
0xA90130c6f6561E9588D2C352A02f0f857b8578d4,406.4199414085539
0xA81D5d70AD189Ac45a80f406A5Af09CBCDABA02B,490.01635104033295
0x2130826B38ad8E96035554e4447293a4AE6eB17c,435.9172407710486
0xDDE1b196D30eEc5e2f593A36cB53D530Fe80EF57,1764.7010604986162
0xFE98Ad5f4027F369B0684CeD52578EaF151b6Fd1,2300.1453793390756
0xE01d14aC4f6968c0ae75B303d0Dddc7333F024e9,17671.227355727835
0xaf331D40470F674F3C98106186470C29ACE4B6f7,1600.8078500825193
0x28499476078F0545265DeC9C68D8Bb31Ae3b7E01,58.905754007699244
0x488F991db6224ad44061D13FccEd5C77E9172FF6,10.839709244789354
0x52C612Bd92f40f06545439987Ad05B4203574296,811.1580382745319
0x655552B438D13027BD46dee323F301b37aB56c36,708.1153484354834
0xb662eC6F8E8d5C5FFcbD92EEB62E08DEcCc34D1a,2.2855651014291407
0x4740A119c363fdDE9266E1D86782A38177A9d760,2995.6974257529364
0xFFA0743a82c1172eE4294beeb229fD446e000989,7437.844929632103
0x11272e9b0d08d1E400bAfd665Ee4C60A780139Dc,167.69045725799424
0xF62FBA1DcE320955Ee90faA7CF49ba8ca6a96e32,4476.535253663934
0xa4001a9E01F0e5D908574a6F80c991d628e709b5,116.74953185232036
0xd39f985af48a2BEfD8b9bdA5f70b44fF07eFcCb9,4097.397809440297
0xcBd009e3C2cFB44Ab092F2e3D21580a078B81e38,2088.3745144295335
0x0b89abc702D930257763AFb084637F246644c5B3,97
0xDD06DF724A3F7b652939BDf3C60aBF2db8455a08,197.73487834687478
0xdfeC5Ef77668F8959dFbC67f741B14e5e6c14d6A,9.49839778335735
0x41fcc28CBA0245537B8833f4604674F38Fc7f20e,294.1087993806291
0xb09f1Ed23Eda8e6e45D3DDfc8dcDBE0050C48902,9999.999999999998
0x509E5ed2f911A8D9E6e717b1F9F3B5E6d25Cf524,2778.46967468845
0x9c1cBE6DbDe00D48b5266cB0427C152602A7ce69,692.8734381287394
0xe832f4B5B4Cdd27AB5D2964D564D1C80FAd9F3aB,3323.988782563931
0xDC922aA05B14dB5679c64d6D1822B5425D7e0Ab8,43.94003
0x8676403e61d68861Ca4b186d03AA9698d660C518,2407.8574610967003
0x0020894d62F818473FaAaf6ca391B4922b537FFA,2104.563169721334
0xa39434c5CAB6ed62D631a7F8AF14d9f9ad8bEAD9,78.49506253080958
0x815B54E223d0B55D6c424751bcC8aF57f6446d9B,821.664651293637
0x35d72C442fCD5DdD7B5105ED0FDD532DeCA79c40,3.6495056627750997
0xB07594671b8742e381Ca079045Fcb9e435Df7EFD,28.15100643838935
0x1f1d0845f71559B06b047d5F399Fb39D52a08EF8,24.03689141274771
0x716008a4371137638f196eB2feFAAA960C05D47C,27.48509020047682
0xe2A3eEDeda9c77fD0F32c996d94a261D9A5Cd225,349.7915813804642
0x42595ccC546c4140FBbFe9B84B2d684e4A19Ed37,329.56642387351087
0x89Df4da80B46Ab143C5AEE3aB8FA4176a1822251,3158.8535918649154
0xE00688c234ee6cA8D6b1B8033c2cb32037f192bE,875.4087367197301
0xB149d3a6f895b87353a8e6f41Cc424C5E517390d,17614.078177381467
0x2a23Ee4D575499ec9AC58dCfD3960C5D3f1F0d3B,1485.0649291574819
0xd918736286a63E0637A9FA521E60C90A5Cc0fda4,27.587412617669944
0x12392b11De1386cE077E3D84D4386dC06Ff031dF,110.6248095709533
0xb5F7e615717C82fd71842BeA8B758EE5d0Cdc84B,134.76038012082728
0xf9d260696a365c93B02C20F50087fa751097f17b,675.7447585621106
0xaAd1d3A858C80887E85d8E3769be5f27ABA19DC9,242.1105364208195
0xcD8A9a492815C35734B0C4B574d5b874c1D26B96,3694.3978725027046
0x36Ab329AEDDdF84780573DF2BFABc0C4a01617fD,86.67525941495596
0x4A17087118BB70616392E93D8cA1c745B8f6aF52,66.8556629548372
0x85A38Cb541C88Cb268eB973d922b2645d0e23b7F,35.25476583909556
0x11e67B89080615F2eB09E65e363823F62bb00021,214.94192832254487
0xD1E1255C3EA28008e98f7F20A54804434e499371,15.162005795918933
0x2f5ED4D6457E0Be2a0cD339eE2E58ea29C8B992A,15.136043516842939
0x146217E07978475D9863f014C6e2d537e06DFA9D,90.3219289430987
0x8ED02d151814BB701A5D125aE39Cb7e5e2cE6f1f,242.35915230617002
0xD83e31A0eAE554EB7eE6c52B8634018d91370A06,40.383389854360004
0x3d24e3116A13379c1Ef114FF4381477387715588,1765.7195902027122
0xE2AD0e568779461f166309B9f07A2DEFbaBAd439,91.07930251602097
0xBaEA8f436728C246d469c46CF59cfc7D60f1b880,4121.658708421203
0x7CE3E44f1c02D35e530C03fCff19De23F15Ae60C,946.0209027153096
0x41Ae08975fc9F6bDBe7175B5a3f382eA6b4EA277,6.766456067624275
0xB7ecaDEb3207407B143f8a0F98fa13bc92c9F8b8,2866.3938536828928
0xBC7d4a4B475196f4017d812d5b9c5F384d843065,34.746357130711296
0xf68215537766a3a8bc8409FD38f3AD645c0ffE26,196.3369007195131
0x4bc368781a88FBBED3F40c82627664EEDecd4E54,55.152882966387
0x0545C6065c19aa56505B85E392b933F076c48060,15.152321711984094
0xAFD84838F03b6D94F3dae1354b466A842Be5DbF2,102.49336331007628
0xa2Fc557c6Ff353DE5A7a10E1729401b12F66E2aD,386.8458333078694
0xecB73B8B0ec02170f38311B25cF88b6Bd0423B7b,856.6340064966153
0xf94C7eE2b2da1E6090DF45C72B2a57a40C607831,443.19634581712114
0x6FAD09c74009274C35b55F03484aE1b109E91328,1090.0333069964286
0xDe345CC6f5d19683785c0d4652950A8bd666A726,358.66446239447737
0xF3D99a455E64f6431eF4170374ef5A7bfe9220B5,48.181292611348816
0xdADBE008d9E02E1811bD64E787830D4996F1F58a,34.241635261553384
0xf2d6d9D904D7B53598d6Ccf01544c89AeFe3405d,39.12159032111609
0xe5d9DA6e8Fb1BAc6ECF6BDf8f1CA4393D58d12B0,145.66041052426385
0xae2E513B7904CEE5e1b91686F321aDF2a2bdA50a,21.34
0xc22561036bc0Bc261FDF24bE788152525e888a1d,1584.1561899884382
0x500c64c3F29907336Bd75Fe8599d9D17e95907dD,446.672118115315
0x02D2BbF8B2525C55Bd97928D089f98F3077D212b,57.21398166063568
0x0bb6A76aAA1b1e60753FB06c898a2dd482e93dd3,132.17335735727255
0xA1F559f49d233d1049de76CcF2e43190Bb4Ab9cb,98.56551412483309
0x15c4974D99b32d5ac6cE6F91b1B74C30174f6BF2,242.02145776439136
0xe2756b188CC73bB4B04d173a796B3F7dBB28F83f,717.2879807796771
0x33f6e84BF566d7e65A21A0E235366407D9807D66,1.1063102446343844
0x4D0baD297ee2a7bfD3276D3BEDA71ccb141E0A7E,1687.0726966537354
0x892eDd7AB347652505A52da38961691DF659ccd9,168.51500443001103
0x7A9350d0b505871AAe71a74128fE6708aE4E9aDC,94.47888165253069
0xCD4D2aB4ADAF16639bBeC7327dD9699d38e4CDB3,87.85093366176777
0x812d26d8F80fe01d856357235520BD331C1dD2a3,8.671355750383116
0xEeF1058C76e296f49245B4BD18780ACf2CF9fD0D,8.848482750630524
0x0c00Ed980F338259e71D85344173515f8650C1bF,13.603591023076083
0x1aF760c22C7A3FE0B9fBF7aEAa9b2E58D70a87Fc,391.22519726273737
0xCF823790c4A26f4eD9742548DA847Df7Ae6ae5f6,2223.825206370737
0x79B566d85074e35296e7c325E6393012D17BE868,14.045879898300615
0x769687C87648Ef16071DF86626B0FABf6Df5e0c2,3797.9227883984177
0x11A0c3BcDF32d383961ffF8E499c2235c1a0852d,87.24412803294136
0xA2C2D9340c5F0D0Bd3103838479a04E7ab0A0110,43.91700632201766
0x8979097BEEa020f9472c5EaF75D0F9b7585b75b4,648.9156576139939
0x2271ca90CF262ca5f1A362cecd1e299b6830cb3c,281
0x033779fec0328cFde4aB43F0952C84b04a9c6D04,230.76740949499543
0x60a91B61b978F9f2Fca4536884670Cf9d1e6f109,25.951484365215475
0x463870A4246CA08Dc2893696a60363092720c6f0,97.95957790290122
0xB6b648C695baF16093Ad36D262968873CE48a9b1,11.7997328382367
0x54917853F698407d21B1De44323E820200bF3Af7,6.448303906408876
0xd641c7db4942F20B5c43bE71042A34d3126A2da2,297.40548172808985
0x538698110dde9418044988dAb97259DD4C31F0fA,19.819667682481406
0xfD674Bc7537E97cf9239Ae5159FB8605C233602c,4432.458115715864
0xC0DDeF535b04E0F035f50C51cEF34DCC7740a194,135
0x4372bBf5eaA4fBD3e07F2Fe3e8A897d7bCa65BE5,16.5211195375204
0x01d5e2a324bd51c95556bE094BbaF7d0D48c3D7f,84.72091531345451
0x29d8934A0bcD631dBf1Faeb761Ed4d962b7AfC54,28230.810004969768
0x33fB50A670AcDA7b59fDcaB21ea0DeEc505796b4,57.79063604710903
0x982DA5F09Aa4faC242634aCE73054e5797C320eF,237.86127551681074
0xa02cb636A489e24453025bC8416EEd483ee553Dd,2289.8194654596386
0xE684dC05C16851c65Edb5D9fc3b11Bce4F427Eb2,3702.315408620012
0xcD379DfFf70c1Aae50A000CD6169DcF1B02D2757,43.76858771396786
0x91ed7BE9bFa5d70b8Bb3D1300cb503a2934Eccc5,1799.6909767592483
0xE534E9c073E0599C438e34217e9F90fd577ca045,18.781063370665734
0xEfDdD1320Ca76C97f68bFF4501442e367d42462C,97.90380601315314
0x5A476B93a8ab81eA64394FE8Df856fC611f80f07,475.40746098606087
0xf265e0A3cbdcEBaCd252DCF297D6e8152b18a097,39.18856066426279
0x33be48db1C3b24DeD623D955c8d8374205219320,124.12568707029168
0x0F80Ef7e2E4F59E49c29CcD0bFb95c35e7feC9Cb,11.410278387085958
0x0538859DD48317B12B9C290026432A88AC606d39,1295.2887024584982
0x6bC66545D8F8E6bb3B4D62EFd745C9c38A49DAFb,5.638072621154851
0x6334d061f1c43f5a9B7fCe55e65F4fDB4932E745,2634.1865933319627
0xB3F3BA7B9d0268657F2E3411Ec365f5704F18c89,2.1503610729922955
0xC1F82571f96896Da1eD2fe5F740F39512A06b119,30.101154158470422
0xa71674d6c33b59435102F4f4B6337e306618E904,174.26161669287512
0xC021aeDC861f85512059331FBd133e2CDDBFA96c,10.643026737712436
0xD040FC702fF3B904890bcd777530175384416896,200.0075819260311
0x9EFfF6B2236a01Da0D68459B8862FdE08FB9445b,4.4454920398554165
0xD32c3d2F050d6d8c45328548370C87c09ad05c14,77.37702318849605
0x40b8b2325F8D73d065666f89e522c011ee25A977,150
0xF1669BF2fBF4A8702A54404D459E98137C7514EA,16.41960062928778
0x4c0b080e9d1f159ad3268A1D77d8333c9874B4c9,615.6
0x40d574C9eFE6e00265999336E535194BDeB56bCA,130.21248699035786
0xE75CEE6Ddc04FbBE90379EFb482fFe0DC41cE1c4,4.964850609477024
0xA3E4EE0b05235e05b4B9D774BBA7c19e6d3f6DB9,31.833997806797047
0xa92984686E6196e15a3FCBA4D0c3eae9e5c6e3a6,500
0x020c648E054B48fea50571211887DC18B78d91d3,10.340660785931206
0x5189000d85C29F8436a38af1C9E35c2d947b7eC1,26.830275382204462
0x85C161852e591cF4573BC561cC1344eE05c3D1A7,36.779666602151984
0xEf0D6761bF00AdB54F1F21C4d23D5874790764d8,46.66699706993839
0xfB3A4F3Cec67fb4Cc3428c519c4e7EFDDAFb5bb2,4.256797371842897
0xeB26bFFEa1E152731E25ed5C9f07BBB19335a9C0,30.272053325556545
0x969f2F8d84E73d5306d0f5d6871C58255Da2867d,15.290002322199747
0x51C817377B6fe11a6C5D7b346fa05eB657ED9AFA,70.15705160760405
0xaa54BDf280eeE574acc587De7e40E093Fc13c7F4,651.2397627485157
0x1A21A3Eb1977FCFF30944d79ecc4278aB83375B9,4.4554773438435324
0x397E884831ce6F418f9d79FC5a368f4633B74b9d,345.6784663738763
0x31Ba7d91016Db3C94aF948059FD45837b43c9AC1,23.45731827935673
0x118F2dc9B197bee2cc647836eEde196ff681767f,1655.967896686681
0xeaf41e85A9804c74b332FAD07f7e0cac53085345,371.7627413873938
0xc7B685B8EAC649D65F8E910F3D1A3b33FfFBCF2f,41.11776484899593
0xfa7d21996942130e5AE06995B167c35124604FA0,25.02643463528295
0x87dd9282247D03e8415C37025137752522DefCe1,75.17931403353288
0xa13484c988c195d90749F04475b2A53A093D6Ee3,63.30312440139171
0xe60436c7FA1Fa1a272cE0D5931D5c07a14517870,97.2526830806256
0x8380069F4B8b4A822E31Dbe8f4895a3c479073e1,19.193737624526708
0x3f45b834b7640D1ceCEd17d6305e1A68aC9708eE,34.3554299863333
0x79dE631fFb7291Acdb50d2717AE32D44D5D00732,300
0xeBf91c8a455A7C541c644594A7359DBd40D3Ac05,3064.7807691426574
0x49A9dF79404F5890b4616900fD9624F0C0d27351,37.832749309009046
0x86fdDe9B7A6836c190514a558A28e49EdDcb856a,1247.628731426261
0x5c2D097f5EC5944A2799eD066ab7ee712171C9aa,1117.047399054747
0x5160E1E915e52E9E1c71A69b0964316E2308bdEB,2048.125221622194
0xAb769309EbCEEDa984E666ab727b36211bA02A8a,1703.6124224554135
0x34F47B017AEFF932a324050Bc10cf091cB7451C1,175.56579287768622
0x78B3Ec25D285F7a9EcA8Da8eb6b20Be4d5D70E84,0.07931350232893762
0xb9D24761ebB3e3a88B8CF20e77F56ccF026A2044,97
0x7465982750551457d327D36539C4918933641a29,670.6149918842949
0x1C515165FA78Ca1E196073669528171375f69AaF,944.8133533322506
0x07494EFB9fc623b74B31714192826c70EbA7423f,2419.5878820564035
0xEb8a7580EDd57E1ABC7638368983c4F511197Aaa,45757.47356708666
0x2D5a17539943a8c1A753578AF3b4F91c9eB85eb9,3358.6617364648814
0x711ACA028ECAEA178EbC29c7059CFdb195FaCD37,1
0xFC806445c4b0Cd46a7A8568066d76d0677F7a3b3,130.013134864499
0xeadCe7a42F0A03A12AB599e4abE199abBe4F75eB,182.80328736154365
0x6b775aCEaf5Aa387dD51324EA807cda7B682C57c,1431.081726094299
0xCD8D5a5d105DFb1d5c165eBe6CFa1e25deae1D5E,546.7377729676336
0x06A2488EADB13e911b1b54a0E19CE28d30071BA0,82.7303414405744
0x035a70F90ebf04AF678F747bf6df8D00532daA02,5005.008500333235
0xe8E60feadA5071F20C1913a1C52419b56A2f0866,2193.83816842325
0x1847069f75B3498c0A7eeB960c137Dc5B2be5EBb,27.014100953724416
0xC8197ee18eac09D3dB284111870f9a5E53371856,600.0048833168216
0xC45Ab7cdBCc9f7A7AEbB61a4540492F5Ee55Ec90,6903.954963259416
0x813B0B4F232444834CbaB5B4146eb8e48B6843Be,1825.5398497836766
0x8378943487432a31925De3aa83ab445609283626,39.9230264824803
0x1aA3A2B76eE5d77bcFbfc294A70082fc12E01670,1179.0285009780425
0x1847f8FD01AC45F696c375568ff62538472003DF,873.9885964394966
0xb67c0C5E1A1D70E687A4286dC1577842009d443c,1443.304276844531
0xe110121CdDC2a46EEEA4526Bf76Bea01e4603191,277.04666062695054
0xD1Bfb183400f6F584583BfFD76932cf813971495,874.9793988146986
0xb1ef91C7D8CF9789ddC81b224f22FEee152E9fe6,51.32
0x996EDd26A3E1bDAfB9Ede8B0C3c031774e7ea2E4,10269.932713235585
0xfEB337E17900DbBDfD301f51b5D9ae420636ca7A,146.62570735911427
0x93ADf181c0D477568aa8c18014cED7fE5074b561,816.3785434909886
0xB6151d21EFE0f36C9FaFCCFFb29cee1B7C4f8631,1024.0062754414653
0x02713CCac3eE0476147f0ad010BC3906738a8878,22.157419701724216
0xc3D0111288060B79665E653633c6F85096298Ec6,57446.52524081333
0xb489E07647CE761baC5f4144653BED6Eb46bFA7d,3327.340958067007
0x9032dC69fBe3346FB5D8155b965530d7Bb50d7fE,1.5
0x1c634804ba4f83a66134cd92961066F7adC6B928,1478.2154719611444
0x248B577366120d234B5Fa83129d19Be1820F950C,12.847251767
0xC480e6F1D940fdC8de1b3c6c8998cFE11180e07c,3338.541255712858
0xD80a0fE80589f6574FF8011B2Dfd685F22B74e92,3940.389520044121
0x957C31c8e23A909cb412B242D8A1CE5340261cC7,767.1395218933928
0x6dAbA74a1ffc8DC9A985d1C37D175e8a739F02b7,209.3657952361899
0x5dF4506de5A19aD417996b20dFE9eF9Ee10E2fa3,247.66755640940661
0x4625Fd0168486a7F90920a54Dc6c6c869Ca17BA5,7319.914822803175
0x35128804eBaF84547b0De00E11668B962a805A94,605.9307307622151
0x91f8d934bf1E94FAcFc0Bc3ba36cc9bEB49e4908,7409.402391793717
0x435692edDBE5aFd9519611012A6306B077aa4454,2912.7182546313643
0x9AD5A12D87Dc122250eb46A3D5D582E466dbc830,0.17143136350152216
0xdd1374494bc44962310ab731AFFBF5C9e01c74bd,74.13253105376998
0x93beCA36d5bcDC7Be0F9cA38b1b5F5F5292aa859,2252.7806340470884
0xA31d25c1d3D880BaA43e748c3CF083F290102dDd,4564.6755171323975
0x90036C2f2c4CF5958EB0a9A841aaeB734E786516,1.5414855690258848
0x3FeE7a1681f10dC71DD3d29A062d371c5FE2531c,4056.0943800966766
0xF81c6c7cCb1693B8C997c6a66D64ec202bB123f4,177.21949431474278
0x8Def6B74Aa0d22F3f443CD619770885f5744753d,325.79498168836983
0xC9cC3aDD63d951d712A64AbC32Fd1FF8711C17c1,53885.55376979252
0x75BAe83F16074b1a0D20Bd0B39cBf615438548dC,23.481330189684826
0xCfF6c31d69a34882E3343c721040Af03412325bD,1921.056212747976
0x9E6618bE5c507Cda47514bac452A39482831F384,327.80408640259094
0x3F0a3DDB1218620a15ef9855ED86668935db1BbC,1232.5149807874407
0x5Bf973C63688286c15043aF22fb5e75F98D6ae79,5144.49644317138
0xCCd9522A0bcc6DD933768483AE67EAcFbc56F5C4,1.5365142319709635
0x08bC1525F3D290B691D9f5d528c9277048A034E2,241.41124512795218
0x13038294d9f64C73A5ff4fD1316cA9Fa13fB0Ea0,115.50754908862146
0x5D58EDC7a7C91239Ec2FD56a646679780886323c,679.8482992690143
0x0C0941B699865feEE8c32AAa8F44B349A460a558,416.3079
0x47E978d2aA98B3541E115cD8dA609dD93d3b7aCe,0.000967882051033342
0x32277A348d42105557a8A3D9176713a9bF2483ce,11.816267358077479
0x42DCaF01B005766FC349527dc644cbd554653f53,513.3413700005868
0x60f7244C704184ed3743DFFC694c0d922BcC2093,23.02201182492165
0x9494D5950802446F2AbDF81149CEA96227861b5c,1002.6947126848588
0xc4022f2bad4527Ec76bD2418B83116C3D0f9beF4,849.0634520064791
0x6163Cd091d78aD5e2A9552cDb59338663e388655,113.69993002759493
0x74f37e50030d834f257f7A5972881cb6FB2ea50f,126.49869621847358
0x89c7A32a3b3d66F7D9d1A9577c89051062FAb7a4,185.69676129417294
0x4768883C899D9F8099e6ebF38fE35E96355e5eE6,114.30316535516826
0x27F8e0975E5264523884746B60e9d1763E4d7Da7,23.32900765192476
0x3ABd29a5e38153f44037656dc8480F94500873CC,0.1446261079542919
0x46880D2CaFF6256E3CB657f07Af58232704Cd026,37.748676647864244
0xD712c43Fcf6f70A56C1f3B710BB2D29574db08eA,1924.3692877923902
0x51AdE79d9227c4bAc15506867F7C9aC1E05C891d,1710.4871904511392
0x1Bb19836dC3cCE620A5A9544863b959aDfe66ebe,339.7287513054779
0x68d380c8632CaE3A1f1B858CE24Df33B9160645d,3123.922640457211
0x4Ecd96C2F55b981e1d4A6000D4adc28ab6F67CE5,226.20016429657014
0xc2B6493c1B6A99840eA6fddfAe0846AC7c1a5e5d,138.36105760226755
0xb898d912753C0D95ae7046c6D62a1C48E0F9E595,165.219437759457
0x454e4A8D1CDc130678F618BaeD80f167dade5186,3622.4614678457833
0xc20420853CAa5bc5c8Ea359599EE27e74C7A65D4,387.7987941815721
0x10ac1802F11616f141BF1459A9564C0307ACeDf2,211.5684722605777
0x24c7c6dEC28522445D5757C473Fc783C43bA9F45,574.3030072320728
0x5e0237a6E8ACFF1D34269dC0c8b30501E2085504,25.319904764320057
0x12d75a645b9bC9abA4d8035c3fa4E35508c3177F,1163.0844937287757
0x1f781DDe2328959a0EecF318A619f3b9ADD3Bf1e,14.09106483087318
0x73eeA42767D4E7F537fA395Da92de3895593f674,10.248965022532266
0xfaCF50f480dC980506F18d1d04A2afFA09da1A81,13.531186703213542
0x942669B655D38A21B4fA832fF8EAa16473f208EB,51.794661980655846
0x18b42eEfe54423e96ea904a1ef6cF72A440975eA,176.26272300272407
0xb18fA4176C1e27100d25955A4539Eed66989Dd8a,1.1926235146862372
0x0Ff255a2948Bf09E7238f1De9Cf4f4CcE4f36c49,843.4928910841879
0x09Cc7EC8c50340Cf95FB2917a3E1c9e57Cd30614,3920.9569731799265
0xA31539ffc894D4a5d4A6b6bEf038723797a8aa49,1077.9209896097332
0x05857Ffb9F5aEb5191553E4BCD1a71c8A15BA0d7,356.8861813609397
0x2341b8A9F4347d966b022F3050ef82d84DAa5F7F,525.2336529998834
0x3C4B3B26c071bF22AE44ADF427bF7007FD539d69,80.11497588881252
0x5cD43262128C485136213b3673237626102572F4,1.8804962346332623
0x4A3F5CB59a3F2A35bdefb9D699F31D56B7Cd4B09,8.101650038391647
0xF4701fCA427FF1f5320e8e4EB8F77f0ad63022E6,160.30275840291586
0xE966737E079657877Fd13fDf89020164616eA435,13.559112624837269
0xF33700E30922F7aE6DF0617f983d6426577824eC,15.7
0x832Bd451A2C8fF7B488984f9dC45c6B4bfc95978,260.94495722518036
0x88BbCbc68857b73Ef16D19fAc0b0c5aE9E2a0Fc2,496.08684119918865
0x86f740fc906aB868f89AE52FE4959655935b57fB,2513.3865355265534
0x44d91186003E0fa1e3229f50259f0f966dc4bEa6,33.76778163711353
0x8bC3B6Fa03ea8b9ccC7CcaA78Ec0E701E1eE2B97,9.095939359385824
0x973CeAA43d08C4fB5D4c409d7001e2C12DA0d5bc,49.690890816359776
0xA9e33E978862ae9C9bCCB1284700c03CE17ac748,11.640000819898955
0x2b23b47077D604A66A910b8cF3d95bd825Cd1B8A,16.31961862019378
0xC7eeB3b2129c80999b69fF71B179cF073cC4F07c,4090.98501375892
0xF484a232AB5DB2f30123784d1bE1A41D632B65ff,14.35420166225164
0xCf02EA07f10D31012ed7337d5F5D3222d8090617,340
0xcfa5a0137d2084D40d0a4C724509467d5BA33e02,9.230059763935568
0x66c44645F6F7D40eC4d90B215484652CA1138216,214.96301589069571
0x32A885e716892AC9af3dD72414B00683744A4E19,2649.296577734954
0x8Fb7b06aB86Ca9eAc80944991D91A885c5b9a36b,5.170762118949249
0xE04862768f3216F32ffB610F42D451a1050Cb775,7.36
0xCf08c82D36eb2E91235416dc96c4Bbec9EA2f363,8.764218009337526
0x364e47A129EE6093D27d9a8E0b5Eb66Ff665BaE5,59.35179404103662
0xA0696773d3DdC14eF8278678113054b1a4FCc713,3337.670917204898
0x8910fAefAb08F660E9dBB2c05ddC95fb1C33a9e5,118.21803099493438
0x76E77614600949dbc8242ba3545Dc27E23C9b25f,103.05064308421225
0x79AbA6911Cb3aE2a42E9b4ea9856517AdAB729ed,5.787837789907257
0x516B18ca70778752Ca166A6EFCfD04b8030bBa85,6644.800336435195
0xdeD38b56ba763974eeCFc49b22121d38F3Ab32bc,700.1555765750231
0xFAaBD67a57fE334147d7d8Fc60280bb0c2126651,460.2239856193706
0x44d1fD1FBd331004d02A6763c7cF877c3584e6e1,134.24329953669556
0x6458Abb800c1835DB625D00F0A3a7B6C3727216a,13.39672077643296
0x95e94E3bcaA567953a8FeF887bA44C3a6a54689B,582.2818166622707
0xAbD4c34Cc6BB50f49B633Ed82eA9a3bb44CBBCEC,250.59192862433918
0x76356274276CC917c3C5fA16D3FAbD4c5B498fCa,132.18755177110012
0xA1915a1252055e0d6e014138fd94e233b7af9AEE,1425.545543535636
0x4C1aC1dB2615c396409dc85486AA89EE951Ead91,501.6183645809579
0x218A75491Fac6a7c94288b3ba3EB57F1EA52C22f,409.7093759074729
0x8e7f4DF119Ac13c42E0d8665DB14c84517444a63,17583.706528759732
0x449BDcbEcCdc2cc907681b2F5B5F61AA32C188cd,115.99153653496734
0xE28311266FdEcd4c90D0FAD34a309982C00954c3,572.592199651253
0xf3aA6E8DaEc94A1641250a73F690013330e36423,1465.2349079211106
0x42838d11214407b673e513CFD4076922A4660122,457.45006881802624
0x90418b5Dcd5372212fb17f264b5F3C51c779C43d,3.6141796990253843
0xf9Ab42E07652DcE86De22bB301Ab0121767BaFa5,227.160491624705
0xDEd18F02D4B1D13Ff396536F51c85f3D19d14405,13.523523414058815
0x095aa8fa4f4bb53c358C1972A840f492c660BB8D,149.2243444260352
0xD0F7aa883B399E230b3BC8CF59d80985daA3C17A,48.6456826022878
0x53E57C1C9D612D6E6B14040f2C07278D36261E27,1394.8612186059681
0xF51c13De48E88f41a460eB6141C57E0D5E38565A,1337.2398062993293
0xa903aea6ae9a5c670F729a906201Eb274f481214,609.1731071415993
0x88Dc7747e04A8c3df8eC74A1905DF434C7140820,66.7734498844682
0xAEE214AE29275DC6BCD51672791Ce29854057505,3792.921266900836
0x47FA1520dAdA2b2782212AD18707A95E0cF9fd73,15.08598868277209
0x512B545b0F5BfAE2dBBe0675E9B3DB62dbEa12Be,160.92915855390612
0xe347295Be64220EF176eEE75a07c7A1Ec8C1a3C1,0.7362055137142882
0xc5FfBaC67f0E2D9f0bc5D59299402fED1FF23818,70
0x450dF109D48A6589B4785B255C5dE4d9e9ca2e03,24.241940301423767
0xec08D893433873B837e6704c902C556819BDe8be,27.702050950463047
0xf02e909Bb28bf5F0A2Ed4A10C360e7E210894fFe,106.89340310863221
0x76c45F08125DafC30f35CCc0aa784156551f19B4,82.3638189649619
0x44C0dCf6128a05935c2F8E7151A8279e3C818AF1,211.09327206466224
0x057ae661a9B8b1f623e03d448CCD729C08293820,203.71843761136685
0x9493cf32A753933C1a1205B353556e5Df20bDfC1,300.004695758669
0x28165971E4d592CA6C45A3786786Ec2f6b4b8D23,163.83991229753525
0xd3F2A43E9d97E5b3e15de47Bc73D78A0CBdd229d,394.35763754637236
0x7C95C34054e6769369b330857B1eE85C8eF0dD2e,32.23170639943138
0x311a9cdac181B0F746444035f220113Ea848Cdc6,37.33690306743688
0x244301cfE4229cE837d392024C74DEE7850bB134,196.66918228368897
0x0a554a9DeDeC4D6Ae6Be03f41aCD27279232c7D8,107.61042770001283
0xB738cBB316df8a5b1575D8A14980ac69333dC1d3,349.86934418247415
0x2ddcA352D69dac3c0eba2fc53670880fC026E1Fa,175.83128962652845
0xe03044BBE0D16F0F57B9D423D1AbA75bB80BAE84,28.577500544484288
0x7c4fb91B55d461dbFdF4Dc185eD2A5761AC0640D,541.6813235996467
0x762c82429FaAE30681a0811a1318bED3fb8165AC,159.00599485824918
0x69582690A0e9c4b70195fF388AEB61Dba7EfaF66,4811.741653708454
0x0B77485D60DBBA7E7774ccc906Ee38173Ed34B23,1899
0x8292Fc9bec67e7cE53c518570Ae924BCa62cE0fC,178.05114402061525
0x7EFE4Dc2c4D9e5D6c21C1eD841a4a77e25D3BA96,22.804444096011512
0x330B100Bd3526Fcf3bd4112ac8a4173eaBD30C8C,343.39493477027435
0x2BDe65Acb0c614bEB766dE06eD0DC8a441fF8236,176.666253979486
0x980495469BC46B42F9EA3A5D01d537C9CDd04237,1715.0947327653857
0x61E4A6580A9223D645A191faD4A97aE41BdfDcc8,458.616101339632
0x703812aCC2270df7652e0d444489D3Ad82Dec87b,199.99868148287385
0xaffd829D5783c1Ff7b34aE923c80BE974E5440E1,429.723750227439
0x2634832E2658A9bC941643A1746347D504E5d391,110.03009819224695
0x12B52e25bc0a78269a37dAd59D672702f324c3c6,1066.3419728155677
0xbe147AB092d033645F2A323b7d388F69983fdE55,98.04068888815863
0xbDf0fdEb52379f5814d6dfE0861f7b2cd7a6EE27,861.5161776384192
0x9A131963f66056736649e1bcDDd38Ddca16cBaA4,172.7048541530751
0x0662913952eFf570E6A8bdB3D56cAf31EDAE448C,580.8871285794429
0xBa606846C24b010A3706E035EB414ee3F87c2510,16.35639549163809
0x300F3647cF552CfFd2d39b136F7992d7653D8497,359.73725514053706
0xcEf00595A2377e2239524106E6117c8599ac6455,10000
0xe533b5f8DDd11E13B6026a9f4612ad6a4e813933,5.464367405227233
0xCd9beD39918e6845E259d94Edc9d946b81f44105,1367.4815108617518
0x5Ac56b19A41a1E9596707Fd0ff5201CEE4090Ac0,299.9971587927938
0x45d4315bF7538d93b3a0421D85dECB24100Da965,265.3650233095873
0x469E292259d7cC31a6D4f2C2BE5769cB02B07f6f,242.5271348418642
0xdC3b62c18807e6C252Cb8a5A32f7cC9c39A8BD9d,65.46408310697633
0xB694581e9df039ED57A463C37efba5c593e4e372,1123.3562364292009
0x70318d036b90DfFE81c14F4b61fE1F57c27301C2,149.29380194080278
0x882a161e403a8c633F925d6De7BF8E14ffa62BA0,154.60210245031698
0x5577C652cbACa80518175B21b2E08AB8f4DB7BFD,48.310979527057164
0xC53b794eee26153c7fa7c504b67550B5Ff4dd714,212.4092542694101
0x166c7821Fc4B4307ea4412465F38B1411ef7FBcF,61.13537804953224
0xF4725013b1E7e53A3B8d7BE06A4681490205C6C1,850.3438977495474
0xB6648bA332031b4C81289211FeD2Fa6eb6a1C307,67.95304734153076
0x435716288E426078E10b0Bd5315753F92F92D5fb,423.8913207972314
0xeE009cC980D0bB3E3949064D071c721BfD38a3b3,243.42754928786465
0xe3D69f862DF45173A479871d5132cfa71DBADCB9,3827.6849924177054
0x86dc63fB3D682A8307A17a8E921ec9c049C34a65,54.08361301527389
0xC2C8760DE9e80eae932F54e953111ADA6FBe58d0,305.60385745479044
0x1CE3459ae58367Af2CC17653A6f60c104A9fd2DF,17.63863213266608
0x818497dDA073Bf732f5D943636e0F1a14e5BC53f,269.91373928836543
0xFd6E5c9be40CE54c3fFD9e4EBc9CE42A3d113BF8,41.55561828077505
0x42d00Fe1eEdB0051b9ed98a53A2263223d99A38e,118.79435505590895
0x4A9C59De275E4904f5c547419FE4277B83f981a2,5000.855273795792
0xE16f33B47e8E2b04869278d0c6830a06602ef87F,180.13515821962096
0xbA5124a74F0465f4aE2e79284a3206eFfF4eec49,54.67676232137111
0x6d41454272ADDA86196a57e429d7284F79bD5992,190.75400384229803
0x290D5EdFa2cb4c0c1Ca0777c32E7fB8592c0BA4c,280.996534341343
0x24Cff7Ea8dAEb9a41E0CCa3b8Af9E05c5A14edEb,3.6242901130592773
0xd60457fde4F002bF352908DcFb9ad91dBcAC56ad,74.75706046323256
0xf6C1196Db0079766C8f38e8dE120879ef633d0B6,6217.624106660318
0x75a025077A13860be8C8570db3dD58BeDc8566F9,818.2347123460135
0x98633f473D526f3b92034EDe0C51994565F14248,451.5332875744033
0xcE10f90E94FBE25A1c3f3a1Ad515E714CE5950d1,325.5319945646095
0xF52bb56EcD90a0756dc11d0Be4ca0A512dE2587d,17.60027799825497
0x05DbdEB2141A223218aBeec4FA19B870Cd3F7395,0.10209001715209323
0x7679A6C7d9076c3A8cfbE6aB6578Cfc79Db11603,7.85986592245362
0x33cAA5FD311777B43a8913cA7C1ef344A9EeF1B1,135.4488815477431
0x29F79982886943FB219fb0460C5fcB4CB734D9a7,47.78786798688865
0xb15ed45AB65F6d01880AC27F05B68D7ab52f7aD1,533.5208111285738
0x251e6312d79D7dF12106D1Da07Cf0427d8d13A0a,40.58015112834266
0x3850D6FC2dcd72C1eFA0c5D4eC10F5c1458D1961,1433.7890883806804
0x8997979fBCd3dcc10e676f2Bd2956bdbd1dee1f3,212.25681939265408
0x1C31a31B41AF952864356B9bf734Fdc2965f5aE0,915.073482046814
0x0B17F063692329F702Cc7C3270afBba5FfD28D72,19.213266950536482
0x2aD71A892B8ABe5DC7E82C4a487250367098EEd8,79.79828048909738
0x950fE287067a60E86f0063a0Cb1Fb95190b956ee,5151.779454486876
0x7733D48F22A9ee77BF42aC4E3B74b73e8A0cEA24,212.98929966487896
0x88Bb4f02687695EF98dCfA33C270b32D1fA15d96,388.85005544499063
0xDB91cF1BfD0a6c6Efbd9989c0bed98E58E21dD50,55.80144860825299
0xd19df3B2A4cf51eA24950bf7d75AFbdd0fe094C2,138.08114643420487
0xb73A4198731a897285b672b04F195B352Ec1319e,74.3081898622366
0x168616afb14e8220347Fc7E821bCb56e81F62b36,140.14301730951436
0x73BB3322c6dC506d083230da8C62953656a305C0,2878.7575422132445
0x20a0dd783461bCe4784d13Fb08F3b6C66ba6D8a9,1206.2365157150184
0xa0Dff245AC2A07AAdb7b3387D044F2Bc32F6165e,19.921870958541426
0x605d6451F9CD43e423f03dC2e7fFEABab4Bb1531,21.697048527165617
0x2829edd7bB935e0528EdC1c892925d0f4b00bEec,3714.3253201601497
0x15A148c0d004e199c25Af535d2D091c43d387b88,312
0x34fe22a31FbFA0853972C6d367D0D8Ef2941D7BA,1199.9993194092135
0x92E6B4d1FAE42a1201279716b0c9bc68f29635c4,113.3108866570271
0xA50aFE0b21b07Df7e9De64D832AE9C733BE5c39e,18.792830769606223
0xF79E4cc7A5Dedc344F711f7769cd10a6Bb1d0DE1,276.2176301399971
0xaFe6B977fcf3C634CDCD2b324b799b31Fb69d708,111.6637934040219
0x488ea9bCA32F99510024EEF2bD5c17D663b2EaB2,5440.620147106982
0x7Cf93bCD9b4E9DDD086559C062A8BcEF8EFC5840,12.498274273967596
0xe9651131cA1ed0B9908Ad248418336904F9edDe2,113.06095386498146
0xAf45B0E2CbEA39650Ff7e90f8F8393D4C5B170Fc,4.188388112206471
0xdf0803F28faFda95D1E70AE18C213fa03792fEce,116.15186433535341
0xDDc13CbE68e7b84F252d7941A9a60F02d3192106,139.27249841249886
0x0E6e8e8f54E3497E9b146e4F9D9Bec16f89A7aeE,139.97963455716624
0x48641473DF9D132634de0C1248C7758405FA294D,19.8
0xb2b7807F6943486129aEF51a909034bA866a4D02,4657.171088667259
0x4091e608CbEb56200a0f7eDe213ddb90326B20E7,1478.1263835071322
0x4b65553b6bc8Df8Ddb23a57bBFb270afC5232Bdf,150.0580549675853
0x04667E4caeFBed2F6d7Aa4699C91b57112cdFb65,125.8274504993775
0x5D77ccd107ED1a4FA405aB88b7733b5225CCC9FD,3610.6748126731572
0xA9D0B9563c10c34fb3809D8ea0Cc7909bC9c6f94,500.0006034565235
0x36bcd5F86104045B180efa1d861156282b5352e7,611.2899075062818
0xc7A85E139A55127D77EC64F550c70a99eD631D60,231.78168665078834
0x5343dE6d8b2483805f2179BCe3ef62350B067B94,36.022370757342614
0x55C2734417f3a1E2CC3c54D092540acfeA3580Ca,18.2163689109337
0xaEA68c044ebAf76a14395a9e0f9dc4f365e4F45e,223.00178766378008
0xb28DCfC04B0a5AaE2A157a68f9608B25B390aeE3,696.4209718411181
0xBc8a08f3f4fb6017F52e3836322c009225123ec1,133.99290396457687
0x7718E1d715E5125FbFC72C5b7ba7c4112e99E0E3,75.1041219670155
0x93893Ff8E917063a838b6AE02aa6901a6a8a8738,36.721479493200505
0x5A84A383BBCdce1Ddf04d3b482C5B0DD64Dc3006,15
0xb7045Ee180BCD89956cc420E5923244246E0e48a,2001.7557076394419
0x90c43c44A9C95a7eB8f323aAc0AfCe159104C47b,50
0xcDE96F33cfc45d46d400dCC2dbcc845Dc8cb0Aa2,85.47136208440278
0x362538692914576DC846f00053F87d2731F544b0,76.07354762102236
0xf44a812dcfEFa10683a3971CD86d70ECfB2D9660,8.380606759711645
0x61d5121810332743E77A81BA68A893e539bda943,16.960878992859023
0xbEA3E88fe9Aaf9Ee6969D90B60A2A760df84DC5E,2110.756323609343
0x2C9b9f1bc9d7Ad696A7b540dCAa44D1483B1b6C7,1342.4942976134398
0x867c915b63a70b5929678a1F197b86d25A07141f,165.87963016727156
0x8691F33360449A0e1E20f5d1Ed42226b644f0EF7,3536.0545532109236
0x948DF1CE783Cb3B0a78242979Af44c645EE124fe,379.9976427472904
0xEf3B68A9128d422321Ae298de2d57F6722AC0364,1489.8646802149156
0xA3FeEEf8BE0326d04A5BAA97a0f2Be72fC8e6182,95.45390385789908
0xeC94bC3d6f0C183F735B5243b39A816C007909F1,82.87775423040081
0xE781946C77cF56c1B249F5B736c8Da2058C72fEF,945.4069616004684
0x7BEa2B1aC689C2ba8C48c5baF0AE7e6dd8A68B0B,300.65224801106405
0x31f249991D1B4E583e93a94c0BE134F606F644f1,1120.0329282694229
0xAC51A65458957F2e1feCcF2E21Ceca4b779E1C9d,132.17479776087112
0x6b78569EF6276Ed5eE7Fa733C1774FcaE7C1A35b,63.2554745218347
0xEd793910ae336a030E979E27381b4376876bd071,249.761338251319
0xb499afd25A6069B882e0E4EB6ecfF6279d76005B,161.9790576689299
0x9Ca945ec1DBaA2F5118a06aB4E3866bD628f6588,1450.009508697132
0x766311C855B1Cb2b3059f43c67645991d76a6BC0,57.19161120742107
0x4591802298122CfEe65598Cc159aB0aa54e2906E,42.924488973050984
0xfe2b7E5977B1B4F685e396BdecAA36C9545c798b,73.21300131501803
0x153F34e43EA3E86F412EB5232a6D65d5F1b4B905,148.7831907432647
0x627EDe662Bf757f128659eb1f352A433E823f7f5,34.209420065842394
0xf621A2eDe958d7ebBeE739a751be8De7Bd419754,31923.968283297316
0xe25dbb94eCC05dE53F2a46760d024A7F89A8cDAC,37.70120208020372
0xA8b7050baDB226eF74f28e6d0bE536cD95a40Fc2,1643.1879650047872
0xEEac7d54C2286dA3333c881C0B8a570a01B9F9fF,329.0701822765986
0x839f646Bc9029C60909194E6c6E704591d169a28,121.55589710284116
0xa5cFEb5742d0480D87488E90C8a1001C4a2c72cb,1900.900406609092
0xAcf8397c555e36ef23950973accb2ED7317552ef,5.343659367451524
0x93663bAD5Bf5c4e15cF7A222b52965Fa37A382D4,1360.6514564023996
0xCa16F68A3acb2C8dF8f89Bf6FB83E3eAf7C3EcAc,753.1654850547392
0x9670a93dfAA368f50781A6aC6431D6E3099137a7,4.108753283568305
0x14544230BeB00623e79f76EAfc33638e1cef3dDe,86.71496702254147
0xb129E980aC2B241ab25Ae8E9b5723fF8c7DbEB56,200.764359823395
0xDB66b365d5cF7D1de2cAe9ca39389F047786524b,9.617030204899585
0xb0D77fcf4Bf5F07a8d7DC9be0a3d8Db77DD457D8,6.86230144888375
0xA5964c2f2812e86D9A2924786415CbFaA406f445,33.18224033153297
0xE79D8ac9bBBC82b6Ce8d45F073855608b6B7c881,300.39144523621326
0x54b5E3efd341a63F291EE293c3B835493e7278f0,614.85859
0xb6F85994c4A68c5b1dA31B900281A711A7626Ca5,27.066215153587006
0xe98278C424303a2c501E768c251FCFfCdf058aa4,6.2458874029082265
0xf264B428e8063210CAe372E5Eb69bA47c272A169,203.31906695236222
0xfa84b43AD141D5F9f1C78Ef20B7b613b4e86498B,183.39994485750705
0x8d29Ee0B46ffCa15f9d76f9B80f7a1a6C070E16B,2.115978199318749
0xD244d0900F8616546A89Ec9D8ca07C1F803206F2,51.08276827354921
0x83849e162Bd612658fBAE8e0E00cD23cBb72177d,570.6408859917941
0x62A99368bac7FA167291A77B722176C5be72e0f8,912.060662813621
0x94f09bd9B92D3401D04346B3C0cDdA0aDEaa90eD,850.670583692188
0x0ECfceE6083957b7e57d697f41Ce94880aBb1cE5,2655.6043504989407
0x900aA3B5A38330B0327cE9A4998aEAE71Ef262EE,19.49131348180495
0x411b7fC84A1685C16d73a031726426EB4205bE9B,308.69392619314215
0x099a69c017761247AB3199A3Bd0FB0d13Fa256fA,601.3001989082118
0xc737C4Ab6a6791828BDe7544d49520950CFC1581,0.9918738183773262
0x8EAE016b50C103A5438A5f50Aaa04D409Af29DC8,305.1235841659965
0x6F596113e3ab807c71F25916FA1E14e02e6cf791,38.52749490372885
0x3E1feeeACAb2b898F6C327C7C58c41851C5d030d,596.3967325561557
0x84840C5F595E170f8D335a101eAE12a8a0727997,53.01727254081101
0x26A04d14b5cf153d2fd8Bd1d235074eD6A32b396,60.98493987964575
0x6742ab6315939fc5e07F595B94eab1289393CA16,565.3359434164532
0xbBCB92Ca28E50018F3A7585133C314b397c9935f,85.95002066573815
0x32Dd7aea8f9e4871f22DC1310D4AcFa264CD0c47,2043.2189966360486
0x20330ECCCb38aeb1ED704bF38e7B40677Fc98E36,22.161628909455
0xAB241f33968532157F6cDc68470B17203FD2962d,402.10724537500573
0xfAbC330828E138D152b8B4FB01Bb743Bf5f6779d,10.922177732759756
0xd2B7707a7096d6b647a499f178A7237a5D948F10,8.23257559346792
0xBA0f307a297CBf5a2aB7893Cc9eb753Fd07355AB,776.6397207801476
0x3982E676CdDCe28A4D4c512c3c5b2B7eAFc5C1E0,153.279616687313
0x77ec487Ae74d1DBd6b4f58699B389F2AAb405424,713.7713455569119
0xc2241518FbCF042E9F31aecd2b63aB328107A11C,176.71039642004163
0xb3559306cB46d9885E3b141147118C95C5A30087,40.6542348746401
0xed2fbba7741111A514a72233f65C72f2702F694b,2845.170683701631
0xbA26A5FE275c52085901609D98Eb5d71480A4483,25088.90707063599
0x02990cb4EdF79b9BBb8f23C750ad1F7aFB367459,103.30435612297522
0xa523223Fb74B1D2E3Efd07C04E05250741157b1D,12378.387566077996
0x813d3584BDD49CCBEd507b4BA0F36f86871B0B6e,111.83490866667019
0xeECAB4BdD0E5e07836826AD2da6f10c91C5A9eEE,1074.7879034575606
0xe9b35F758a90a65ccc13c9d42271de969890e724,7450.0994087936
0x70bC1e940D33341019F80B33a9b4D321e6530469,124.93986374778864
0xb68c2eA2828D0EA7Ef2E1E30248B1cd1fD763bbF,280.488498466021
0xdD2e8F1d5770893bC3a2F9afc97874D52D7a3688,10.951227177345315
0x008EAF0F4739708904A61d374BaE211708d77265,646.9600562835047
0xEB214df84056794A0EA0bE102B8368d70f6987C7,4010.3145868590927
0xc43A3144697C271a473d5249938e8193cfd8c5a2,1413.838177848726
0xc65130e57435Ae0f7575b9A8Db90381c6C0F43ce,2.8025003538259305
0x79aa739E88E1dCC90fa4E775D86A97D41A3F8D43,196.46697523437416
0xD335e232f7D691F884F62a1C2bf7aB9b5F43D996,3089.4526726242334
0x7b2cF7348610Ac29a6f043db3498a4157c8A6A41,13.14566628054739
0x05E7aB42D24FBFBC38289006007565656CAa1c8A,116.2891354950707
0x60bbA5df1aef433EC67f4CEd711766bF85C44Bfe,200.8035041449795
0xA72cA639ff731669759d30393B2A9826aE12C553,41.190908282022676
0x25259e9865f84Dba23246e7FB0787fd19Ca0B097,19.81932600861054
0x9bb936b5e123FB9aADE2f38754F12540856501bD,320.52936847892187
0x29d6FC7dEB8Af14162f8b0B3dC3E1910F8b0E157,12.752170626307091
0xA8A19eBff935B676297721b4CA94CeF88565A0AA,100.93556327816343
0xE06F164F6aBebf6E7b2667dE7eB016aA42139eeC,7.302402201615477
0xc08fb7f2d750Fb7A21D655d32d3bD931beE5CB3E,7.300972887087173
0x7056306beE0E923c12653A152a111752191C6270,26.839202268362122
0xB28ca4d26D71a4DaB7fEe50875d9f3CC0E9B3045,49.92019949869539
0x3701DBfC123D41273B8e06FBfFA255334d0b8E8c,525.8707714992034
0xac3269A2a0704bDe92E2a019c5b0E4F5fE323191,1244.2214673374258
0x44e387e14aBf1ad29edEb8382eBE244b0F0B60B9,44.25
0xF651a1A246c41671814723Ad2B696be4c4945951,206.3856877507834
0x08966362306d819070F6a3bF902645d6922a4E1a,380.903828842561
0xcac0905b4d28F50a77F3Fb9936fE75ADBA0959c2,6.626567485351002
0x873AF438E2DBC9705d43a8e57084d64B90CcA995,1193.6075902575699
0x19206f03068Ec1fa140380A3a9eC8CeE2A15AeeA,394.6824706303305
0x27b1604050848A9e9CCB3F0c0f2c3DeE900021Ea,41.7237201741
0x7dF5532107a4Fdbedc928e3B91911d4fB1513d67,47.01351699581032
0x6Fd3E90B57e2f026dCC60c66e77650e0461A7e9B,28.2115223192597
0x9a989B1273f8098e34b5777d5Bd7E317C12cC1A8,66.87919055303712
0xD786B1fE1EBB4ADaFFB23F8359d23f597b350Ad2,102.78008914617945
0x3060Bfd7604b30DaE39a1B43B9773b0816AED1eA,65.72396302531871
0xb67693f90Ff6d63030A36bb5d182edf9df2616Fa,4022.6988848394667
0x767a1062e0F0cb71e0db96868E4FaBcedC0800c4,17.760077182973486
0xAFBCA5750D6927B6039403db641ef40b1d9A123C,0.006583117076463797
0x39ab7A058fD0847C4e6443BAC5B2Dd7AC9e5F93C,266.38816468628755
0x6C0e230904aA207bb660FA5eCC7Bb5212eE75dcD,1854.7545687503905
0x9B5a7cE2eF34861681391b5025046661E4713d15,29.75438841214111
0x35Df4847603eF238095a851158AbF55ABd93f856,1287.1392959999998
0x1e8622c07c958223161229ceb5659A17dCbE7cA0,81.20223890955357
0x50B516cbF09D5d5283b1925F22a6331D84E087Ed,12.780940122241459
0x84044cE0342243d2cE15173D96bc8618fA438b8F,650.003265836747
0x366711e895988d5D1baE9731839B48e76ab32e55,8993.583205756011
0xE12AdFa424Ed93b9366Ff8c14AAB3800d801B9D9,213.85524474746393
0x63C713f111a2901b84a7dd4E7fFC42AD921EC886,142.942978464903
0x2b1120e7f505432daB74A7302BfdD7Fedb46dC5f,122.85928044775736
0x46953f563871B98B8a6fA4A072B4688722ae4184,1864.8846825009418
0x7559926EFF0cbA93640b44158076b9021E276E07,3.0327673799295924
0x71D8f511e5930f4a78e9f16C82a1ead037d26eCf,61.691047555616365
0x0232fBbbaa7E559afe51Af7fc3528EC1e0Bf32B7,140.9967986476027
0xcAd821825487226C7Bab24C386912568C89c2F46,109.40920804109393
0x38B066324E7B34F8c33dF895488eaFcFff901CE8,3661.64396344905
0x0fb427965c26A35EFBDC178891918B872B1AF216,28.400319532506167
0x14B003b7847ae1DC2D02977Ca56f26B5C1BF617e,150.00237673352828
0x81C0fc11B5579EAD5Cfb848Fabec4137353C8bae,3777.849747306877
0xC6C3BEF41E27120b2bda9128572f77Ba5d5e2B12,43.45861161848902
0xDD710B690e731a0d77405566CdeD7D5e4eD3Af20,232.418481703811
0x5213649AaC65E52A08D9Ca94cAfc00e499732B8D,40.402067209953834
0x335Ba0754d3Ecf7479F3bEB51A7B17e7E0403ea9,501.90920187466924
0x1717251334D7A71C2134fc0B3731120c2B3e8701,11.501518082734078
0x29cEdbA6860e7d79f11700E09A80186a719a17A5,11.28683015216089
0x052d23cE87F3293dAB8D9D67f2E9A84fBc697730,3.621401371510375
0x45929242Be807aF5017224c6c0802FaA19EeCf11,16.678971849616104
0x058d65d54D3ef3B3596Eee02f8bFcF3c3b53E5bD,1618.5020197599463
0xF9f28282B623c2e8eF277b07bdD632176DB989E7,69.70044867981252
0x78aA07E4c0bF6897D5546c6f51957eB13A733bAc,3.4254574682631316
0xaC3EB3c1CA1dc03057a38C359b8e83C0586a79d9,201.02078331776252
0xD948b2Cb552eA18ca296e89D4563715B03f04723,85.92854156411875
0xbc6c841c648FBBCe0b57C27773F2B1c3D23D4c52,16.32689311716459
0xC5375B0A1Da8933c94b7d6d537FEb2c4C80d9347,53239.32152087479
0x7524329FED2c6A5917F647583EAfd2CA7bFA1475,621.6775622621786
0x25b24FeeC2E28D87865383c074d4237F7c5ff849,34.962206429678446
0xA05B64F8333C03D84C4f7d3526ba81ABEC996970,7296.408919887858
0xbEB187BC094cf89f9dc31A24E611EfAD15D9edCe,51.037203586518714
0xe59a5b2530EB1F850eaFaAfcf68bEfbDA34eB8Ba,16.67592464154669
0x86F67B3D81657839e3bD7475CFD5f419FBa106a8,45.04729142397404
0x8F7d42474768dEf7F1B37e75F6A319A9292d5375,0.39717816530037386
0x3A19d89c3B42b771E4Fa8Ce8264579b0Ea17E3Ce,107.9429041439606
0x9fF5DbD7484CE9915404695bC5BfD91d995599A8,144.6756798892128
0x0551af7F1864B433C3e73132a151c5AcAFe74436,12.014581539499709
0xDcc7Ef68517871fDb1962a0090dc9AC90384DBF7,498.1811016074474
0x4E19a7a89068b1419Dee6E7d3FE669122A600b53,0.10613967371621158
0x78815067c3926cc33F7790d87460BEC779F42d4D,150.15380954364502
0x7FeD55561afd4760b0bD7EDC5e0312aE6C1AAc98,18.47770910394149
0xe0e59298fBF05A7bFae9f8cBe8ecda4aD21c9693,2.3975920363133247
0x50C30ACdFe511a70044c327B6f24557aC93e6D1D,82.79272254660022
0x8e7935f88B08FFA9CbB2c0Dedffb454bd2480312,6905.502542544833
0x39239220169803224388b6431deFDb689570C5CB,3.994778498429578
0xeff1329D4ABC1ddF39B2D184CbFB64a6d03B03fD,0.08875520804264989
0x1297Bd844C288Fc2DE008509B9d9240bf404Ec73,3.283230015412543
0xAF7955F5ce717b9af452F949aa0D36464ad936ea,20.62248162030912
0x5D1e1fACC44e8F5013cF34845EEF86E50f8dAcE3,40.0264687803149
0x12575De5Ba5dd145A8F1E7250A66724742975363,535.6766310189278
0x9a98D5F36B07c2D185e165cf5Fd47dE579155F34,3602.006225289314
0x9F5A0Dcf79237F002412945A343E3e0cff3A04c3,1309.0439211806347
0xc115efa04F9C7045d1e8CD1540FF1Ae5812b6a3e,5844.4355931075415
0x6C002A02670b2879cF8D64E6F9a37a495a38b6ab,1500
0x839ab006EE6FbFA50CbC11f61BE5C31D38874F8A,278.6813605662405
0xBF62a93c61011C085B2e845F66aD6933dA2309e8,2.2892547633408773
0x6E7c343d38c4bbB470DCa5d510C634C1a81889dd,16.0378338411286
0x0180Bd56393851a46fab05Ae627FB574DaDB5049,13.814495967786653
0x332D01c58f6714E012DeAF0ab1910ab949466Fb9,13.615444338933148
0xCeF9b5D96595F2934fc348D00f3Ef445263D3a3D,72.09451388715031
0x6C00419c38BE77658bF3B382C833E56677d5D56b,6.525
0xF9e61cb65B7A566B97209bb11Eca8113e761DABc,68.68637386500569
0x308f51EE084d281E295AAE1544a5c42B24A3F27A,0.5263467080888528
0xeB98b4e95294a0D0Ae84d131fe21b826B3d0435b,79.63013505505234
0xd0EFe096c8059151Ce1B1EE40aC2F603DaDb8e19,78.15448230076474
0x8aB46328968B030EF7aE935B8521C17FEB55EF32,269.8260845722593
0x096414FCA1d2998B018E4b8ac53efF05e1315E3F,17.296160961772454
0xdbf182fa94128a364da6CdaCE30Fc954Bae52c38,156.39221424381952
0xb886d2d8b7a9751Ce5c750c755D3eA7114a9D285,6.553635764146148
0x4F81b6051a8eb026Fc6931C87D52e36d8a96533C,4.1978955527015565
0xe3E7B913D03174DE89D8E5377f8f7996488144BF,682.5894723497128
0xB334209930EA1357BAFD91eA0bF95b89B6098A20,40.35573396398799
0x692bc428C6adb1BF2CC29d18f1F6b455319E8e78,1.0642047514857824
0x77E04402327Fb417bd8B41BB254e565420768914,2271.606720952431
0x411B351F88E25355e84Aa46654deBFb702C6a7Bd,25.59025760070115
0xd297BafDB06E6589b52a2fa8d0EE4C5EB445B16c,191.18207110644246
0x1249E73a5CA36a009B227F0765e583b2a1341597,3.8572604246086586
0xd7536E2548516BA09300D5aF32f00Df259AeC735,13.589442022467734
0x61970E3C1D96195efc5Bf4D62509cE8d7B979e24,102.05924305611651
0x2f09c6FAA5dB81c3ad18Fe24aCC8d5b455C8E0d8,7.91456892081608
0x56763f127567f5F3362E84D53174E9120878254b,149.45092510755273
0xeEee31a780C18E3AC630491A902FCc16E1Ee966c,14270.929668678087
0x56e08bABb8bf928bD8571D2a2a78235ae57AE5Bd,121.50822528444695
0x4a6F095Bc8768799560B0259E3150B74B75B37B7,2892.4686756672972
0xB40005c1b841975dDa6FF115a3cf6547a8eD49F2,15.74381843896543
0xbC1434d3257897f5a08B8769D79D2D9399b3f433,459.8158176322204
0x22Cdde52d2651A0253FeECAEc843b3a0404E5048,9.615721260768327
0x989a9844594466d999254a9016715BbF0020b338,99.84308835758361
0xc7D785Ffb0B5f92bEB21382D44539048A5B5Df62,255.55416236005635
0x989Ccd94DafC890C19b467c316F1F2dbaA3f6D1C,8.793524943754635
0x7eb082e5356f5AdEd4853dC24F1f12A434fE1eF4,753.1186064536428
0x1E376fcb8B4Efcc76f617d49587cF9EA6ba9eA16,5.8909510439034705
0x4DdFB88596633837fB35808DA04AEC24d7FfCAa1,7.359619557865381
0xc4b0137DE30F65A5D537Ab662CBe4d636699CA7e,101.954285131888
0x1713e331aa5CD6715f3E31982C9bE8304F4c0fAE,35.45798263027347
0x92fB04eA5Ab45Aa16001224Bcea7112AC914aE41,25.641739100435913
0x0458842007D37c1D74c0508156f3C4216069EEa7,4.578330801526278
0x978D5F6EA088ff1677bfeA8243113A0fC23DDbCa,12.1087414760937
0x113a9a27b810bd45F87da55Fb0ADD21bc7e41eD7,17.274278908955363
0xacF85727F9621Bc00Ac1455BD4f9f39d3ccF58a6,6.981768248156603
0x081501CF2097b5B9bfF9C7f4D35Ef04fb5b32eb5,539.8167921974408
0xBFAf1e518F421074A9AcB21Ca03954352a427a4a,2318.152450423134
0x140d63ebc5762012FaD3c8DD6AA286606380d525,56.36451234115165
0xe8B13F79481c5C756538A0eD76bc1C5374a73fE5,3.4643197113245554
0x5a47864bc5B85C65062C9798cEf60b8A6273be09,987.6720928421088
0xA2255416FE15E7330783e67037ce549f1C2b2D34,148.35079130707877
0xA1D823C8Cc4c3d5B89E95E0543E3b37bFfB118cb,0.8424013379054403
0xD26D9def4720E3f54b3BD07B30cAcA89cFbDA564,65.26831463209643
0x2950e4877d29713cD3159161C407C1Ca04a5BD37,47.37429337365962
0x065c02aE0D2A55108dEED3413c0570507c23E842,575.5855231669284
0x8250a5660d31a891A74b3a027B5149DE21C6d705,34.5095212411908
0xc4FDe213322AE0853E7AE386050631B64a7cAA02,32.60553848143581
0x7B0198bA9bCD3D3feca2E66606520E1dC5Ad338C,31.1
0x48276FA6bC0e9597a67b1DaBbE70BB15fF83C0f6,976.6645658631093
0xA567862fB431c23571dA64DD6361a5FD8E1112Aa,43.84723929825583
0x3f0D41D25467e9d187B9ce9cB280d1b4665b4e5B,752.5164891441133
0x1D7A0e420369C4dD6ed827F41A1eC49779a901dE,325.1581847811167
0x4cca5741459C2A173944fE8c144DA842B61DDF1c,16815.075666995068
0x5d521897799769Bd79223C294e79A2C6316c9818,139.91771448028766
0xc12Ca084236A042A658c28c894dF95e3b80de125,200.58925412907485
0x6998b9a106f772F60B15654395d5329D6c61A3F8,1411.4286662316124
0xEFaA1Df72e9613645a5F7FB90AA00E325Cc20F28,38.18614521145772
0x71CB1261f78D1dba1757754005B26F7472dDEd1a,18.931826306490382
0x7b9A9501F2bFfB364B7303D40Cc3788D2AA84EBC,2588.2503653973117
0xC4e663D9AF03A3ac64700ac13db39148e82D9C7D,8.694800020491307
0x083eD3E4a39a8398079223f462E0AB6F3744a34F,302.7359736916905
0x595C0e67A7bba7b5A4db59e5D0730d01A71BAF91,10.99109777429352
0x4425Ed87e1086973eD2feDBfE728545a02944469,487.288433677055
0x00d86aFeee11C7a71b6EccF1C19189fA650F2E10,43.32404043437597
0xF5fc1F40aEeC260658Ae53C458Aa77bc28c1B3f0,119.42707999999999
0xd7b7328e6313FBa04B9feAa542b2437E1cA57D22,64.02517092449501
0x6163d93488840D53f0008E17779Fa4546Ecb8799,32.923732973478494
0xbCde0d2adE03eb5256BAfC32A46B719061C19878,27.637780683190094
0xB668589bbDCab5D547BB9Dc4901fCe58C17fB6D9,97.46064698245145
0x6e4753520a859673043e5A5f10e2F43451D4a25a,132.4668937747122
0xf086343DF109C719434779F1A9e095C66B04A597,15.969583747340856
0xe7656C33Dff73A91f52E64A796f18ffbB1B263BF,111
0x2d65407a2e72B34aC4294435FD291aB9b6dC1130,790.1191406704673
0xE1798f0C7Ec347d0be8c4513544D43d21Cf9cF6c,500
0x0fba38f7dbA19f44f26bdd38DC9d42D9D71839b7,13.991315821958478
0xd54Bb6D79b83027962C3A178b263777b1E795662,291
0xd516c9877578f3d21c4221fbD3cB8D2a17312EBe,338.79325440725455
0x7149277cAE583c4d1B6D17BbFde51c4B9f85CB35,29.848409479083703
0x7aAf8Ca400f8D41748995614A3e051b3b2371D6b,40.26188845338296
0x37f093Ba633ece37c52F910Ef8204Bb1078afA34,44.74143073170785
0xE8861B3a7EE3055019056563c1585Ba7659793cc,3.2796967615209205
0x4c52A57cce7f9855F617F289159EA9D7FCf73e03,328.1878165120438
0x5F9bacC959E6554A6EaF2Ab9d1283e5d8A07fc52,7202.934084197226
0xB02c2CfEB40Af85802406Ae80A7c5A296df55121,1.2451779126179938
0x6bA120c97C236a19c684009c35c0bA5Efb5C4073,783.3169902553309
0x8485A2804d084518D0269EE7918b1e6F26Bbe294,18.16757120497351
0x24C6b1150E3EC02DF946376520EA299f534221e4,13.667274441136863
0xd80eAB64048c021Fd7F0CA881F0d8d0844C71db5,3.590677596435904
0xA2F27D648Ba70Da39cA67efB568115c51da9F566,15.539298026167641
0x1d0Cd75f3fcD06F24a6199189319740987b58Bd8,311.8225112449387
0xB07cF33480C4D8F44a8722fb29b3C944Bd1A08b5,377.57160820178467
0xCaD8E3976d5899bE97Bf274891f81402355Ff5a7,210
0xD7bEc8CA74D62C8EA2cE61F7239bfb3E1D483B68,10
0x2722a8050B89C1953c8bc7C515518e7c80e391A3,10.082218795234553
0x62dC58182a9c8a2DB9A6c8ae71f1D44b4b2b4949,94.0650816767046
0x2a7c813DFD7E3D78A4343A1c95d0C69754152ded,2061.519003397643
0xB100981fCCf7dE0F76477C1B120B849AFD485a64,35.98129877884902
0x84BE786c8e21fB6F3DB0a80669aADc8b9f4c9A3C,25.145291356414344
0xB686fB874b85D9e84026244a9AcD28896BFbB84c,597.2687586
0x35529A574378eE2b376BC12647709b7cD0eBe51b,387.7024057291345
0x41688a64b7e5AEA764fbbe8C4670A083a6642F35,10.213575601616812
0xbFc99250bEb9D51E8dC57F92761127FaaAa8d535,569.099556694251
0xb2F7e99756972a88726C9F4bcc89AB5cB290bA9c,8.492669607945906
0xDA8781E81a2BD6106459D7403DD2A0C6085d50ee,273.11625031209064
0xcBaDCd47C370279c8128071f9f1b2d27428DF1fa,2848.4610417641306
0xc25E4D9c5dE4bDF7d0b940DEBe45D02f654a5Bce,418.5388110558724
0xDcAEb6523A9A83eDE932D4173531248f08917a17,64.04898974988504
0x9f47cC41916FA37c6059a6EfF1FdD1e056A5b3c6,148.830625502067
0xC9AfB8B5643Ee050300d25e52A850D1d4FA904Db,4.372878463398091
0xB43BD5c11DdC6EC9ad5E3Bfe86D4052b2760b569,2538.061975605808
0xdBdCf70158088193E4c590f3081f313da79D0973,0.3678163521186057
0xc0EBF8cf9448be8e3aB08F2e16ccB45Fd19a29b3,20791.167368266215
0x755961aDb8Df6DDBbAB19B7Dc27545025A48F847,45.36993496710501
0xe4303ba6aA79c43A70786F612f5048AD6FB4Ad2a,60.10045994852885
0xB0a93B90447F035EBf73A7F40128b017Dc2678e1,7.088722684844138
0x69CF11F7BBbF221B91c9B2BC7D70A5F3e04Ebcfc,137.9166972596401
0xe95f7949992b1D51753dBb8A7eB0Bd4d1E6c1c06,146.22160407863774
0x0b81747F504dFC906A215e301d8b8aD82E44CBd2,2600.5063221764262
0x1e465b58296d2B97E9eae1A85944cB6756898673,4029.252459894099
0x12a0573b6c9a30118Ec2CC4517dD553E9f9fC225,10.949981144110746
0x4e5789fB95C976058C63d8CA05633def3af3F63E,544.2542653972321
0x28508FaaA685D29F5E570c04D0B867BDc0636Ff2,8.766704983446758
0xd210ae3Ea4bB169163F4e9876109A2C204Ad3a87,55.60765301530137
0x77F1C501D139de169e523E4C7Bcc301A8C5387C5,109.42045734697628
0x865a4107E72BD23D03fb19d32525Fdf57D51C3B6,865.0543764575139
0xEcb6Bad86DbF9F373D1b7aD6d6A82FD26C67bB2E,0.34102351267806835
0xb2b54e4df454F63c0cbbd1ffE0ADc51C47dd1Cfd,7.4389307035206755
0xF8f7C5c80A44781d3519CF4580bD2696E61346FC,209.9974094118978
0x5B15B507E92cF9390Ed25BBCdd6188aDfc440e50,5.913735166560497
0xcbA483260De2CF39e5f9a96F909b4C2DfD9fe3dE,35.516947557431884
0x32c8beaf525A232bB4591a5cAf4bEa11e8094700,83.60096336631949
0xa6772ceB8A487f988C883f13fcaADF7980745fAB,70.66245754934995
0xC1798C61248FD8bd10F7A36305aAf7FBF7aB57e6,4.127736694888432
0x75232d5FD8027A6A9B789d26c5AD7139F70F3F3d,16.932650941630772
0xD2C143485Eda3Fe4a05383358176C30cAc303fe3,9.780792990087939
0xf65A8D44c6EC9823Ff7BE42b3CAc3b457aE8D520,17.59656857844776
0x3ff2c43382F027Fb26Ba0D1F606dBdc01fB35c13,343.8494782556589
0x863Fcafe33e1049364D1B123cfDf6Fa70Bfd8fDA,164.6149130605785
0xb0fbAB9B6b091611406fd9c7f965f2fc5D9Eb74b,1391.45882449585
0xd5f052d5f7fCcB407Af27912438cf9022AF9c47d,85.4807191210801
0x2FE168aF8218c8C6bA8AE124eE1632158CC3208F,0.061068192712898775
0xD0AAcC549fa242026809E1F3573Da7708163CD90,0.11050181605152921
0xEF920541fFb62F419E06778F488B164bE79D2060,195.37059035
0xdCC8f181295cFCD9Ce83f8bE87Cb16902C2e1aEf,194.55678
0x86501Be88EBA8C60c9ABd1d430A4281DC7F5B2a3,108.0298418039261
0x14abf7c356fCde820032ad31e594D3B529438230,72.67934686975322
0xFa37969c4822585F3f7651beB1F621c168b80825,12.702041422228874
0x2423e2D4137984b0B1d3a62FdeDb4dE136625db3,0.5012400384292727
0x36AD694e1E21f1d322fAe9Ee9735Aa18e876ffd6,264.0530971895972
0x9c4C62c12ebd76FF81B709B75140604B2cfF131e,2049.2691561041993
0xCf94b92133C23e98788B0b091239DFfba9ceD457,42.02466618636509
0x83Bb3f0a71D887B3D4757cA6f68d96b1876F978A,6.990529183439457
0x465659A255339416509126Ab81be21AACffc0E9E,797.5457714525913
0x2C23a788725728C7FA65D5bDAA9134851f119ceb,17.97121924508893
0x54B57fc02A55420A69b987361b098415c7C4C71a,87.29150660234633
0x7caad5Ed455B2E50B44063fd91864187Eaa22298,294.4
0x9b50591Cd08215c71F6B172573A3052f7e96fb67,1.4970820951050752
0x53Ce50Eff179aa6A93E91BF0DAdd6001c6f86394,407.4
0x5f08349808B45632e06bCE477914bc880f29E542,1488.1464252474439
0xDc944D7391eF730A67c3D7C58314d56d6dd3F2D6,10.789647210450354
0xEDB17A43c6Ce4AbBAf9Ea02f7475532cF9a57291,4.73
0x3D6925DFDEC72F981205375C0eFd2C90E9F5F986,7
0x25593a3D6f847Fdf43eaAf36e7a0d5B39b6Fa7bB,7.31
0x59cA44043Eef01f72c5fbCb8569DC8F7aB576073,7.39
0x4bccF3219C7bef8e043f8849D3DAD09D29857261,3.63
0xf1C05Ce2978D5253323D583EB57c5375f41aDD94,6.69
0xB9374e8B8786103d4C244C52cCd0EB9f97E57897,6.26
0xb526CBCD04c0523cf9207812F0Fd9288498ebf2E,5.56
0xc7bffE655f7226557DeAf7f5c7926D9eC06bf96D,4.05
0x3bb2e49680cF6be424B2b747aa6D2428930428fa,8.7979
0xBD5D79B1b51115d7610EF457e3ae693C71cE54fe,409.45000000000005
0x7CCe55c1A04866e77139283458Ae5D98EaEBcea0,68.0527310460717
0xEd8fc2cc80B5D6D007275c7D7b29C2c7d1c812D0,7.39
0x0D38b8d33149ea2e972E11FEA59a99cd61c5aA15,4.2
0x7a3Ab277051b04AF8CA1334B0f4a873555AD9b30,8.67
0x33132d60e297bac7b31Ee5b70c54f9dE89a93908,3.45
0x16F3FF40b8ED06dF4a10339460688a9479c7EbCa,6.55
0xE2ee6bfd080e5d7E05D3023b03f6A0E45F32960C,16.99674305210797
0xde5Aa7b7b3c377d4b34675A2c760e4fB4b0BF797,5.07
0x7Fc43b682FF5663D6590817Dbb47a80Da9Ea91cc,5.11
0x505dE0EEF525A38079216166C1EF5ed7d5129A5E,15.012451885727119
0xD870a6A684ce3B2B864F7224E9065a640E7e639E,17.361305359663042
0x40D436ef50E4eA75cDEB970131eACE5F616034aF,1.0536077421306491
0x7Be7781C844160faFA86aDF95eb818C7b99a9aC7,0.5262458100264229
0x26C5eF3A3c7B85e8446Ad6a60C00A31E02145956,249.37875555425506
0xfc5081202D094ad46d09eF1d1663b3ae333dB98D,400.75830360911704
0xFf6f33768Df7A93F983f0a9C96Fa24d4890E1677,141.1476833368924
0xAFc281Fd1B0DbfF9DddCccc41E5b90ff55c28311,18.43
0x58521aa34F4D455be47d786626493aEB459B1f1c,285.60726347390226
0x90791dA4466D29ef33dF299D6417E187e9644fD7,1258.8393251522568
0xE4Ec54ed041BA83F044F610DcEE9cf769eDC6C41,169.31602132868437
0x4394F88BeF973e46f3E92D073D895B04bdC65eab,10.8016098744418
0xeFa6587325d84a055FB2B85165810F4f631E4BAB,1013.364502245491
0x211eddD25eA24981687FBc96C663D01DF4BCA043,67.70808539558679
0x6aE098A5035a885a1e564Fc859093FD67Fa5E603,28.703265928236128
0x4EDa9ae2a25E738481BC0a35132721F724E73D88,471.21330765705045
0x5d374301980CE66e5D8E70542b738834cB127Cc1,11.716451135153648
0x6D28658Ee47b59235f52426CbEF8bb07b482B4ed,16.90227812792675
0x100445cD05035e269C09F2fa06E87Dae43454B0B,2819.032000699749
0xe82df41011fF54aDAcD6Ea247Aa450F2C9b7d8Eb,295.81312186367694
0x593D3090BB8952f26BF7BEa1098beF8185714938,165.0888550044861
0x66f07d6B81074F68DBE7bb7c6c42B0a52EDB51D2,647.9320854628104
0x2Bb302959a0a394f13962C2c452a2F766614c241,25.87185026881787
0x9160e8b23C2085b50e2b2cdd377c01B6BF07aD98,110.7054503868196
0x00f26aED862DfAFE07859660f548eA6C90448230,19.428866992803044
0x94D17b35838BB55d911A3b481Ce088203417e16F,26.877094335434478
0x2DD558A54b8f4346D7463b81F6985B464056675D,12.20817368436554
0xDFbA83A810B3fCf66ece51EE5b0fD6998D0e8890,87.755246061516
0xbB7b7F614780D3B06081C2855F4C31f4A918D687,24.25
0x6b84c3f6fAEBC4eb1D93c8Bfc058DE3B250c2d04,42.099999999999994
0x91B5dDa7288E0E0Ca64b404950c642B316aAe6b5,64.96597942357714
0xFE011E6CB100c01390dD3D1d61e6ec66BAC5B786,147.00461418932866
0xf10a0711DBD91bd97aB755c82258830b29f7C53A,48.50016876871993
0xD4F2beA4579B27c2F037758e0dB2f2B0d8eeD36F,1542.5965535438854
0x2FE44AEFFCC53022D6BEF893b3E0B23225a41C96,950.4441591484276
0x862F88c87d517b309AF4073F0394e4DdFBE1C89B,559.4148836527352
0x71A0FeB166ced46f62940aE69a66A7bB5575aA0E,2.9216881952433424
0x2118D87992d579d04Ffc80D44E3fc84104D09Dc8,12.648886359337284
0x51B52E9b55977586F5723Bd303aA21696cF162CE,6336.918573773651
0x6366304bb24e76818930AA1823bE0f3417bC7713,338.63520126995525
0x49Deb134B43340DBDf898fF7c6fa4b2643e7F3af,4.401404367394362
0x31771D3c780d5f7EaEaf3243425eCF2Be8D14667,545.3875213802334
0x88643B413790052D6386EB21b6Ca3F902Ea36Bda,20803.024231091375
0xA4bC31f18B4736c7279Da9CD5e805c8a218077eF,19182.172128227936
0x5D18bca2444eC5377108EebD7179fB8a48701132,276.2303230766475
0xB0D4B732F4eB0934cAe4C0d4e2D15926f7CF21d5,13.673770371245274
0xf04bD9c8F162a078afEfAA4E348A8675A4fA26ae,1.880418164239338
0x09566313171Bc7c594C5bc72d12F2423EaD38546,2.3383941481307096
0x051B7FebA2283926f4d7f6AA060D1E9e09146810,408.57110153111574
0xc304A76B744D4ECcAe0f1dF4C7E7443520e53373,440.9926775536861
0x048ea25249d41C94698bd54612aE5BdfC08A383F,5.411469805746373
0x86543f95c92e2759Ba76F6d0FCC6230362ad7ED0,883.287113253534
0xf34EC24C8242558d14ba8BA009114F5D8F92C48A,0.1723855657534758
0x6A482553e4ef226dF39d5392905cCC405823020f,100.5107017466333
0x46E098e60C6AdE67AbE1453491Bc8f1e1a1Fc8d3,17.88070795749697
0x861E55d68c2bD6aEfAF199b5a94e2fa97d729F60,0.6368807284028091
0x681326cEf79a6390664bE36b37Bba34b76e152b9,0.8505043601908262
0xAD3E9501Bff38719FE4bec52b52046F67C29e927,0.007043954441290465
0x2C29cFfD0dc7903Cd8234C90dCb23dcD9f24B954,23.163593504207135
0x85CD248C58190821bA68Bea3C6D47cF52A3edD5f,7.872027329796687
0xA410e2678908FB7C8A80A6fAd91B90F9bAA9683f,50.70046143909499
0x92Af51179448313D0Cab834f1888658f069948D1,29.332613351153288
0xF184d76b9345A646bd4e48517929950201F4d579,0.7947957212958088
0x83d3959aE098d5D8a4D0242fF8fc7A00b8f5c60e,5.9
0xE2f4A6c2D1361607B6b72f998D909e1E8F2F802d,6.99
0xaE4eeCa87C34A8E5367FB87B686d71A741234D9e,2.925780496293501
0x10ffBe848ca562Cb961BC9E373e2035EBB67539A,0.33814879027348366
0x83c4b908f6E78965582B68b2001b1fa86e11d692,27.815733048036783
0x3f5AFE475e7025700726533B48EbcAcC6ca4D11C,8.9017197054923
0xe3c94dAEF097fAc12Dbd1F124dABeF9a338681e2,0.0201224101201362
0x974bAa813dCF03Bb97b194bAdAe967183Bf3424e,25.42028274838929
0xc26Ebfb7a5Ad0C0e20EBcE1027C01828A6F8C932,4.850770000000001
0x59E754117A5F755B46508B0876252Ea4672eDC0A,1.1002122178291383
0xFc8C239091A90AE4c197B3446ef94A1C623879C8,2.117281654016098
0xb0de16C149D0870C4ffEa2DAEC98588082B64373,0.588
0x035186F3d19F6068A87837f9007F6E4fA23e15c9,2.2690345328794925