0x498Dd5A79ab7e19Be1dA81738239214F807E3462,661016949200000000
0x7236C751AeAC3D1f1F45811D995f8334853ed23f,0
0x9b5d18e45a57F21c3C143B166FC0bF44133c86E3,0
0x9D6d4F946319ABd76F3249FAe0631eb123C743AF,0
0x1B9C3153eBB2AB736fdDD93d916E3E6dcAE4B0b6,3923549653637382700
0x611DD52C2244E675b80fCFA0845f12D72845ee11,0
0xaCDcb6f462ffb4a3eE5194E00cEf1F3Dd882431d,0
0x8979BB88c64Af25B2351aDfe50B70255F560eE8c,0
0x9Ba90A89382b59C2E93f123452719d016483B590,0
0x8562C682c84Ec4F953d2A3E0735B7e1636Ef685c,591918373943804000000
0x0A1Dd0Ab319a8C31aFB92094180BeF3a16eee021,0
0x08EeBf55FB10386415BBFFB9122aE337520a3548,0
0x4b8c818F234e6bFf9f85fdC24CCecBf42Bb40319,0
0x7e54F999b3152c2A1E518840201f5D9816e4b843,0
0xbE93d14C5dEFb8F41aF8FB092F58e3C71C712b85,0
0xb13B9E1C8C15F789795b4a3cdfbb172e37673208,0
0x67684a8c6D66e63dE692Add5D3C0712a263f0C9F,11368121551638852000
0x03e0F50024A4Bb277E06dD8DF3A9172Ccc214A59,3.1821663488096285e+21
0x8e90681c55B503dE6a64b202Cf1454cbb1B1d8Bc,0
0x2Af893C67E698C1F420bC4e4a44E4aCe60aE7025,0
0xF2E7CE54083756627f86CB7b691489fAfA78476f,0
0x62CAf99080c8E3Eda2D73A3E95CF8A80F849F725,0
0xC084b91C909414DFE105D4c4D4189bECc0D2A284,0
0x4E96754DA125F39AC7d43D9373235Ca87Cd549d2,0
0xe311Db79DD453Cd2a4C7383e950939DAdC1400A9,0
0xac376Da974F03f18E759639fEcD0A1A6090F9542,9637833514690599000
0x9e953C2239b59AfC69E21B2cb445e14795Db5A93,0
0xA938a05dFBD9a5DED3DBB6f92c5D6f0C89341657,0
0xE6D860d6B04A00D55AEda46fB402a3d9A2Bce20c,0
0x02A17d40E829ba68C49e0a69247717a0603f4d47,12104107924477899000
0xA17BA7C5a9c3DFDEa4305856260ebA205D448D52,0
0x99F1fCc63287558340EFAfEB6b22CcB6C46eae30,0
0x89Bc67aC85DbAD2BC95f194DE2E01fb05e628349,0
0x7a0373a8789562dD3923D3c212e249E5E88723cF,138813559331999990000
0xa78f2c13FCB8b6999Ab10F160c10C4Fd2d18384F,0
0x908d544c866104a22a4818a052cfa423Aa335BF9,0
0x2F87423B6a9193c9ddc5070DadbD3ac7f05Bcc31,3615422319279505400
0xF473dBEfC340bfC174aF3865fB2248fc071Cb3C8,0
0x19d2eF4966b2880E9224d576b2B8f6ddc15F59A4,0
0xB0848EE9F1C0E3c3114e7214881089eFf6690C53,0
0x3b2eFe092ba48FEa5efdb91DE890AE1A8245A7f0,0
0xCFE8a0410Bc17B061005e4f1951C675e17f594f8,24836325333870645000
0x72355E1377e4C7E4516acA780F2CEc1C6d3820a9,179600276292961200
0x4618F344F19DBaB977d5919d3e3a3256274d043d,0
0x4DDF076601774471c9c2DBdcf02A361a3451f11F,0
0xfB7e876cDB3cdacd76C56Af9CFC0C5F105048a68,11310045937503592000
0x64d50eCD91e6FC9a549C95226D616D4BaF614D20,0
0x66CA9a34133F3D5dB720a64Cef2Af66C1Ef53428,0
0xEE6619E5A1891dD84eb988fF647646d2cbC313A3,9003068978797861000
0x67bD7C336eb202239423CD1639AE8A508F6084Ee,0
0x2D2E638299BC57B90a93a46c10de2d6CF0c90690,0
0x0089D65b21ee0d8915da224b2c17132502184b97,3591629003997685000
0x581c7445d443dc7Df995D2502873Da3f436C09b4,0
0x120f5C9cEE73bC3283a506005EBE966a709D7Fb9,0
0x79D860858361577A4F2a33D83AAC2299b6d77025,0
0x29B355B95369C04C3A4531462672835B5de176CA,0
0xbE0dDfF9B3C98fDBF8f80C65F3462221537E774E,0
0x333368262cf7976254C6daa9Ffa740F53d17DbD4,12620964256303706000
0x72f08E7b20bc5f91b8C08dC3EB7374C5FF34f9cE,0
0x85CA40b9A4f2b26755C41a4770C79b0996cA94AE,0
0xD23288cfb234C124730011E011Ca52c9b23511C6,0
0xfc25bd8d2Bcc7135e797A47dE99755d8d1FA2F09,0
0x7d91726d37fa9caf6baFDF4a03F3C55642e866b2,0
0x2f5fc18e49607Fe9E35285aA575029a71A4372c3,0
0xD92F143A1a057b302Caa00b11E7029DbD88Bb5b6,0
0x2Bf98dbF38546EBCC7e5e4B8ACa7572A567Bd13e,1298251600446014000
0xBbbB916bb8Adc7635C0d01BF14a917DBA4a8f438,0
0x46F8fbea35E9E2Ae619a93a0cF5269b59f551278,0
0xb1422D8fc234593EBf2446Ece3010eC9C106Aaf8,0
0xbd9d5f836CBc585Ef0caee2270C2d0A33d9b65b2,5799047649521846000
0xA9264e0c7026D9bE9a2B65638CE8730F3C0d7AD2,0
0xfC559335902d9979f552e74B60253d25DDa1b2Fa,0
0xAE30f9B73318F42F5e01e597B97C902f4f556Df4,0
0x54019E9ecaBC581E0acf08B1228B94A395Ba457b,0
0x2e27B62406559ce0d18Ce5897A5C12be6bC19bDf,0
0xDF21A9178AbD3b7F34EF3589502e821F307e3561,0
0xeF307aF9b853fB57E4AfE10E0c7a0Ba9eeC67b32,0
0xEA7b634B09c4Bf35EB5f12EDe6e32d1e249aadEb,0
0x687637f12c74eB7006B29bB28Af3D77f0F92a41A,0
0x279ebAD6373e9d9A16f12Bf6e1142130bE4B6dEd,0
0x28219008Ba72dC7003CcEb783D4588e8b0A8b27A,0
0x826FFaeb446EF72690AD3f8Ffdfe9109e02eEeBB,19542035301238678000
0x9952814d76a916725A3B3eb4d7154a2826103640,0
0x455E186103Be1500c48A2A9087930C78b9CD19Dc,0
0x46676183529DE18C6d418FD015e24b9Ce380473b,140531523792665440000
0x8CB406FfC2a4711bd44e54E7a918A2991c7E8e0B,0
0xcC90c10D54368321E4f022D13334490c52FB6121,0
0x31dA8769c92f14ceAeb74FcBA0808E9297195118,0
0x93C8C5E46c92D3a5001B54d01BeC369262773a1f,90759058800045180000
0x2dF4450F08A8E54FdCcd5738D39AFD45Ed577EEc,0
0x023513C05bEe249009129bF494818072b839F2d0,0
0x769a1d4f4Ca865e5f73C15E90F7cAc54B16dA2B7,0
0x46A97702Dd79c4B7e3DEcD3851aF38625934092e,0
0xCC0561ba1Db49978618AED16dB43D3f5F8FBdF62,0
0x0EA21bB13D404a1a8679e7f181177E94f4688496,0
0xCD22eC2C0c12D061246555Ea61c3726F291686Fd,279524794474457600000
0x72b685215938BbA28C23c1B7D8214aA6D1716454,0
0xe2862aE361eC309966bCDC67A75AE5923C830969,6779497763889326000
0xC167b6c615ccABf9465C8Ad1f0B3b5854C555673,0
0x666D0231107CA54d4f20Cfe60227fe1Bc7a84E32,0
0xC079aBF490E72509F17ABCD93dD99a5D1bCBcD30,0
0x3560580BBe7411a963B859f5017320790901a4Fb,0
0xFB8e9f1725852fD35dE85E4b64224E310C93065A,0
0xB3b121860287839E42aEDde8f211e8392E81f0A2,0
0x2884885673769543B0bB4BbB11959B01E504Ab4C,0
0xAa91744c78CbE697d2D474909A18e4a8B6f602ab,0
0x92244B4E211a02EbCEAD59ef12e0AF4Ed9BA4764,0
0x992a63544D9D0bD5e9Fc3A3CA29f9d7afe2214Ac,0
0xAA7AaDed221fc537590f395184399D337B1f6fB4,12063373929982990000
0x5Ab3a4c2581bE19F025a2EB9208839507c46E5bF,0
0xAB90833397Cb07287059A887e1335c108a78f0df,0
0x0C9417451159B37175BEf8F68a48aB1a9Bb5A62B,0
0xd8D930B7E563189e0A6A9EA259Ce8a11109EF133,0
0xd9faD3926E2eF16c93AdB4F02E74dd25BBF662b2,0
0xBA610c1E291d094c808b47F2e44C13d9d79026A9,0
0xAa96B3a74Dc6D0CD03b316FBc7a8A2d0D629FC5C,0
0xC2C9522e9FbB3F6682fFb361013D9560c2fF6357,0
0x3890C6B13De444029c30621e911F0D5b2361810B,0
0x23AAa6bf398271c08500D9526903eEeA14477325,0
0x63f1F224279F07f29EfD4006660BeF65Af747862,0
0x9A438A5635cc1a439A8C41Bf3A259758a89Bd785,0
0x9b212D75B49866AebC8674830F27bBa959499E36,0
0xC575B5e473EF412c78DEacf11AD57E33e5c2639b,0
0xfc8084Cf7E0f916f114F9BDd8A86BA2427EFE976,0
0x488FBe629DAD546715e1cE2461C7C3feecCf599d,0
0x810EF00caE4f1A132a36921C7363b1A6251C1894,0
0x4DdC8906725325F5462a8c3d02cdBD0dE0AAaA91,0
0x85c772BDE8f67aC4BA2eF35Ec7f2C1dF9fAe464D,0
0xE64E65dd57B02DBb41dDE26C07CbeFd4b52AB2Ab,0
0x9d3A972e32881d3B8670B2Ad4fB7386FB8142086,0
0xb0079838de6f47B67C6d316d8aedcDd1109Bd6e7,226508464019931660000
0x9Dd6F45f378bD72D1C51aCB069e7e86FBfEC585b,989635277123894200000
0x662703E7d7F5B0b6b9CB3879933F0e3E0368055a,0
0x730488d5FB9Bf55A52FD10797b7d549B55D708e4,3147051346520924700
0xa98ec0d769e2208b6f6D1D37CF3C6317c823d871,0
0x570e0a5134b7c52Ad0b8C42C6aE9C8D4F2b1291d,974327605247445200000
0x9Ba1bE12F267cf324D02193De440942E44698117,0
0x8831726Be976F50D736195006E815982709365Df,0
0x55899fd1140EC8e691B20649f282905203487911,0
0xd30fE8d6A7D0944E4A3A3E13ef53F783823502e1,0
0x85871238750343B403bAD6a155b2B35092bDc6B0,0
0xC1464d0922e95e1F8f19Fd3fDa6b9CB9BF681735,0
0xb5621c2772c3278cdd18DaA702670051A62D93A2,0
0x2633E2642E83FcAe6F0cbc0D186BAf5dA221BAD1,0
0xc4a8cD7e51Ed9ab9580c51F7eD23a2CF12D8b245,0
0xc94cDCc2f31B97F7DaEE46B62366271C314b0C3B,0
0x8232Aa231e17b54E7B2BF641D9F473AbC42d3d2E,0
0x6f2e089A043BF4B466c13dD4fA275680A293caCe,0
0x92cF0050f5fBd7F18d3D2e66D1461EC5b1648861,0
0xe0250374a32FF0a14a977c5c50c7950b65870f45,0
0x67430abAA14e5fe522C9eE50fF6987912A8C3338,0
0x71557b39e2da7d3BffCad660E9f24211C61e145D,0
0x864E836E80a1949EC292e8dE5f8904c283c5A710,0
0x33f2A7cfBC746d0CB19d0f4f83533a4D569d0704,4520898156106433000
0xe2eF93b094765361A23aed57d707df278161A2B0,394956990107707970000
0xa2C1eEFC7F1d2b9bf8b702ba7b0b8070666e332c,0
0xC728F4bE47f6580087592B59E8F5E3a8A7E09Ebc,0
0xcb7aca1C32387b63C9D7133e0e38738FA2C2D4e0,0
0x2153Bd212382Cad43C67CB93DE2578251D021e5e,0
0x0B44BBD639dcF545C49F248F6E3C291DF8aE7D0e,0
0xcED4C7FF9bDc8aF4108488B02d2b408A4Fd7f558,0
0xCCc9553064d35fFde3061CcBdcaf7429c7C5B57E,0
0x1ead9B797acD161F5504147b94bC41b16065CA56,0
0x7A155bB081eb46963740150B3a73bDf8A8FC6FFA,0
0xd22c9AfFB110bee04A500202E39B9990E2205701,0
0xe0D3B203853Fd07904Ec42188836b967afdDA690,0
0x04b718ea9ba2d115138f7B5019B86EF3C02C5E8D,0
0xfEFFe72B889c2538d91bDa61f6D3061Be83E28d7,0
0x28F5e5d956b535fE279bfbE57045Db1011c98C44,1050969019574425700
0xc2Fcb924E97724266B4ac59F397BE4Ed249E5999,0
0x655e2391673c682d2D167D1a02C6C9264C6639A6,0
0xD01d41a1dcf8e73D74870D198b0c36Ede0A4D4Cf,16466302961908617000
0xBD12C9b04f6AcCb574F23E02997A0D083c8380AC,0
0xf8A3B723B35144A03bD3b388e9Bc7b2Dc89E514E,0
0xA7d2Ca030251B5F16B7cA4c8F81c0d47Ef3b4587,0
0x05e5ab383f3C2D423cFd118B83420261ab0990Bc,0
0xf9DDc6282540B90f48a6E49664c50483bD484F12,0
0x93E0De40144Dc644F0318826408165686916D41f,0
0xcbd9Ba7A19AF1F925c8eB3200C87B607C863109F,0
0xE890427Fe7b508c5305C06Bd328ca1B292FC5668,0
0xA22F4daB60fB06AD1a0619670A5edA7FE9744901,0
0x6765A6f548B688CD4C8216Be0500B6bbb1045748,0
0xe3f01af7931050d80350704991bb9e7404DA07dF,0
0xDc5b74ED19E70CB86c7B4a9255AB2AFE3a34d842,0
0xd197C975b29775B1253EA336Ad11c9C6Eb3A2406,155428764885529920000
0xcfC27450EE34B63f17bab87fc41C0c8EFD58fbB3,0
0x7d53cBCd82AFdb20BaBC2fAaC513aDDcA0778309,0
0xb971740d8D36acCf2ABc0Ae69bdCC5a3E0D23AE9,0
0x4d463Cc06afAb96168a5ee76C48a220241DDB090,0
0x1D9f08bE69fF146926Ec7Bf9b465984a237B2Bb6,0
0x5B872607DaddCf349b85cB99d82D157CE64b9BdE,0
0xfE429e50DF2d0546cee54ECB34c90749dA056e7A,0
0xfdB8580bA2dAb8E453F91f3dF1442cA7bAe699fa,1044313128091947800
0x7cc51d0eBd9B3F7527a07D2849731425F6e7b1D1,0
0xA570535fE0fEC6E2E0B79593d533F72fA65B24C3,0
0xAF6edAf8C69A1E9Afab7822A2CAe9A6dB3125f48,0
0x01B3776688AD4a0f2e0C3380F15F45f9005D94EF,0
0x1C59cDC6f89d7c436ed0Cc537Dcb195b38e6ebcD,0
0x64BBEAbd91b57681E4b9d7377839F10cfABba815,0
0x03f9887B0681Dae61a0edB672a6E1258414CDE60,0
0x26390500636e77469b48797626E00cb4D07e88A9,0
0x87D72d48327d3F212346ecA6E9fBC4Db427cB93D,0
0x2B4C9ab5Bb159DDc971E0783430064fACF7e8d18,7877260132973214000
0x74445a2A7F4A45bdad2D3b95262354f6De8148EA,0
0xdFE875F84E76843dD87FfFf8A08D65980700CFb5,0
0xEf0FeBE0FaCBb9dB322f376557efFB03479cf9d0,0
0xcb98044880474f22829a7Bc65524943702Ca38df,0
0x316198D34D0Ba8ED715c46eC756d5DdDE43d977D,9917296945373741000
0xA6eDa7aBe4c2B1c1dDF7A597eD913A09fC5CAC76,0
0x05E5475917B8c85F8ff3e670154F123b9bC9c8B1,0
0x69FbaeC4131CB64e9828F7e6fdB7e31Fa4A9e230,0
0x8bBEf539C1eD386BAc9dbD50b53aDC4C58a028FC,0
0x6dAc62E20F3C62819e98148BD346E44506778024,0
0xE5b791315Ae63e6e52AE431E37C5b5Ff4f00fF61,0
0xA7e7D343816EF99b15182257283bf4C97b76CF09,0
0x5024c7E1e0E2CF34721927D27f868f96F219a483,0
0xBC066b0b4D238F42fBd2f33526746fAeB7512d9F,0
0x0BCD12FC3A1B8B029A8f4e91b4169aF0eB25464C,0
0xEE75Ded36Be9eF3042c1dd65589bcb872c73ff7F,0
0xD4b6f06F2817970dcFCE6DC3E9bA6298e9e85Aea,0
0x09E0577fe67BdB612A6d305D6390dfbA6bC321F3,0
0xbfA4D296e419CB37D11b75FAEAaF25b8a4d81655,0
0x27a4D26219A16C1431D211fF52F161c9F154b417,0
0x6dD9A0C93bAE6F591f3f0E09996C93EfD2DD6Fd7,0
0x4558A7edb2CCc335E9F3dB54d0f409B2e91CA2bc,0
0xd7794f7082EF7c616678455475aE6A6081E4006b,0
0xB035948E4F3a4e89FF565A5d7b592db57bfCC05c,0
0x3A63D60Ee191b6CaCc6Aac09B94378f2F431cEFF,0
0x8026Be0a070a094313e8515e0e3D81c5d3967449,0
0xb07A11dbf655c657063555f24b304958C208b926,0
0x8bb0e2B5cF5eA4d6e9179Da052A9a593F27F4974,0
0xE3ae7D29CA7654A0ccdcBBc9D20B6912eF98DA9a,57546292068825580000
0x9131F159652ba4ef40a6a26d3459120fED32D764,1297504104561384700
0xD62F49Ab24BA30fc985F293d42A062D47d2bB699,0
0x2aE2739b44b1EB135f7138C30F02dE2A1CD0cDe7,1314864757314643700
0xf64ecdF6e8e4BFE9616cCB2A0673c6528bB86639,0
0x67F6b414F163B3E38ae00174e5D6c9462A7231BF,0
0xFB8aDCce736BB46e63c094206BC2930B3CaCd7a4,0
0xeC6495233997B36B2f7f2F56752895b2b24460F4,0
0x11155309f84035556297e417B1dF70d924B0FBd9,50172075649660270000
0xbB70CA954d89779F8AFAAAb8Ae383b281e3B27A4,0
0x9665C2624732406B74b300DE00df0aABD60674F9,0
0x2c4Fa7394eF86fea84cE3A3f0f37FA14a484f101,0
0x806cD95759Ce535D4B385aDAFBA6B33A22f4E7E7,0
0x2d8402e216021458E1894457D2339B8Bc7E39E88,392560681912404150000
0xC817673be2a9B40A8bF83B30921f0b392490441a,0
0x474B5E6B9ec0993C6C942158Cb23BEbCeb4fB764,0
0x92f4b35d2952DA8129627684221fF1BEc4aB3f0E,0
0x5069A269894a5f8752bAbCFCAf19c3be3450A1b0,0
0xFAa743895F128a90248E6726AbFdc10642A43Eb9,0
0x020c18C69Dc3be4cEFc96fDF629C1483Bb2ECeaF,2862618616517457400
0x17c67A91c22B29c29B1162209269222aC7ABA61B,0
0xf689662E994716567980BC243042Dd6C7300f089,0
0xB40b25b49045375bD1Ae731eD2E4F18c39a39E1e,0
0x8f6D96f4fc7e6aefA5fe2a0efB6A1EFaE7E8c016,0
0x1345d5207ad8A892e763280adb20028c31822aE2,0
0xe35F5389C4FE656A9263B3E8E9eB2f1c8E108E8f,90707429412182920000
0x92a81eB7947384AcC5Aa7d45330d25F93bAb33C8,0
0x20bA60edddc4CF7DecF38E4fAC95398bA61400B3,0
0x2A8C56bD6DCE4920B53BDbfCF47098B759b55B7A,0
0x92d1C23C80fF5D594DFff3C592E44d960C92E7A0,0
0xc8430662a4F653aEF973F17faB548832Fc476E50,0
0x6f8F310783A4E81eeab350E51806ADEcd72b44CF,144601953988877250000
0xaAc75DCA321399ef9Af907b9B73e26c2aec4Ef1c,0
0xFDbF61d09bFAd5B38963369eaC44F26Fa83B8F73,5563442451531818000
0x5bEEF6F00B002498A09837604D3da502D854A4B7,0
0x971D838d77CE48a945dDB8a0181E44Dc15C332a7,0
0x503972B5063ac4d8F69831583fCB97A837e8B719,0
0x0bF2304a4514d53bfC522960280760ae845406EF,0
0x486D66FC5ABDCA0F62728DF77bdFE49D0C5A8d2b,0
0x2D6540ff759F4d2194378AD663F0F14C1C9Db430,0
0xDdfB071e8376C595d516566CAe10AfC80dD71Deb,91612603547132040000
0xB3aA27208922f035F42E20D8C041042DC5b09ab5,0
0x47D914f48903c676b67d14cd2cFE630F7E12b338,0
0x123953672b0ae4BB9ae13e07259Fa53cC0Ea3a40,0
0xBF24EA6A32921845cb46E2E95ad8e41110eaF120,117913971845586390000
0x7DC69Fe0d96949643c713F679bED03254C848b68,0
0xFe405BD03823D8093f537AcCBB17545aD426Cb32,0
0x23acaFc34D9C382502696F035f074de0bC40ab36,84984847072057970000
0xE13Ae1DC3d2f673215E1F55c2652F0b36cCB268B,0
0xC39a6D881B182f3087799a716Cb5c7554969B1bb,0
0xC2493150727198a001FcB1A5f35FB477D506959d,0
0x384c2A8a7d62Ae61a1F50f06D4068ce1dC6Bd979,0
0xC87a91dB991FD20dB903DCcCcb6F1DA470dD5DF1,0
0xe816fAEDAf119Ad6282494d83365bB308DB9C4E8,0
0x58b098dcA8145cFa8C8E4Bc7495A613f525b0028,0
0xE9c806549414f838F1FaEe629706Cda38a9a41e0,0
0xA9424307d5f069Ba1A9C90ba971BFBe74d32bd42,0
0x8eD5A421383Dd00FFb6b2397D8E60904889b4878,0
0x8BACf86066d0e1fA13D750712ec155672298a0b4,0
0xf1dD914B7e822ef270eD1f4B6706C710D3CC929E,932019443838086000000
0xadf1da4e02D2345eC184d9B08A08daF4B1E4a4E6,231161071053228200000
0x6707d316F00c88e71182871a88954c24C821d2cE,655634791684130700000
0x5C73f4DF2dA3C258d490E91e1beceaaAB2742196,0
0xB92fD2a199c2c715011C53B2A35270F59cF0Fdd2,603947539568219500000
0x4c0eB2910BB401B3BA968587800bC5FC94243cdB,0
0xeBCA28f6408D0D2F229fd2aA12F3D331fff0B9a4,0
0x35C1Ef11F758a7f358A39ef9A8445af875E9463E,3.761744350718479e+21
0x6b6cef32EB006605c829bd11da280aEb9fd43c38,0
0xf316160bcb0A8e92bdB60BfE7167D10b5F5FC13A,0
0x08C291199cd79dFA1059d893C13A7F8f18A21eEE,0
0x0aCad40c3920115AB1BDEc51D9A928EFab071038,0
0x9907449886f7bE720a0E45889C9C07ad8c91B24d,0
0xdB231f4D6bd97f624Fc4572bD4A73e370cCAbBDF,0
0xcC6d744bd494d5E869EADD9229AD7d34cbCDBBa1,0
0xe4D52b2765c7b787D66d107A0D9f8F3083A0bcA2,0
0x1799aF8Be8890F2e0544Cebf9fd0F7E9F4680500,0
0x7E337789D6d6cFFa392709FB54247047eD03F4A7,0
0xd3A10634598eCaD9Dec0b9f89b9f2d5a4704D26A,0
0x229eC1b353F89E954Ad2349eEbfA2942be6fd1b5,0
0xB5123E88A4A544a0d9E94fAaaaB7641E47425d3a,0
0xE461B0e2e0Dd528593939dC272b0437610104693,0
0x74Bb0C1283Be78aab0B99B7e6150878090Adc618,0
0xABAf155BF94bf814D455862c9eC484D0f8712fAB,0
0x907dF8299fa5f31a363488cf05855DBfDD22Ff3f,0
0xc10892DA35BF6D62ec482329656143F701782298,15393428508602534000
0x0D8CEb3e893349297f853bE0943deB33565a09f2,8000340961193437000
0x63c4ccD81c7F2e59F1DdB8a931ABE6616995e899,661016949200000000000
0x9EE60C1f24Fdc2947B4B37Da3039526F5F59F0F0,0
0x7cef2432A2690168Fb8eb7118A74d5f8EfF9Ef55,0
0xF44f93ad7372eA777Fe685D79342015B9433a38b,0
0x8a35B2e7b3bC3794bDd8d0e2Cb0D7d60e03fd491,3263498600651427000
0x838B15386DB3c7969A58EA523F8A4E86351D499B,0
0xE4246eE6eFE38109b7e6a2b409D7B21533F113b4,0
0x0B9A09B91fBFe19E16B4803aCf21bC14c65A51FB,0
0xf1294Ab9c2d72b8131e4f2760168C177D46E00d0,0
0xD2D36ed993A2DeF97105e47D6004e9a0e3806453,0
0x82066D83Ff8b010e419a9EC7c7015EDcFa1c07f0,0
0x0e48DA4CB9800E630D75165D32CE9be2B2F1285C,0
0x5e856C7b48758DFDc11065a3D99D5A87e1C16fE1,0
0x3300E06d7e5992f260258D14A4Aa9CCa56346A93,0
0xab12d343c71948158288fA0c65D99df6de496297,0
0x80Ad09f654299397903f9668791ACd122FCe9b2A,0
0x2e72E1A5958B906C9eA0C686aDE24Eb7A22f38ac,0
0x2493C86584C8e4249FF0ed8c794a7277B7E6a641,0
0x6ab963bf11b13E49a3C6E9228E19115448bCF69A,6340577252774070000
0x92c6688F78f4e0fbdAb1E73D04649660D9306B59,0
0xa509C3Fbc0bEb4eDfD7e7CcDA2bBC940CCE66e01,0
0x560a757a2dd9E78A904879E858d970Bd92133cbc,17894470217665098000
0xf35E2f3E5b18F80f236175d481a751e5D8B659ee,0
0x673b047b8B2041763775fA7d61Aa94D48aDcFCBA,23082711866064000000
0xDe1D39ceDd03170090B9AD6453B1B5881593F472,0
0x30D80B65D7d5Cd7Ba68735f2f540F82187025e38,0
0x1Aff336E1772725569b18c419d4179c376BdCE29,0
0xDe8393250906Cc2eDA511fB665ccA04faed9f433,0
0xF43440d2C5a1Dd837E399186AE3d0EB710Bc22B9,0
0x01d2568fF09C114c82Fd18E4bc9757291cC06Fb2,0
0xB71047F9Fa56866D2F84A4E20Dd6ed4a3A509a42,0
0x5aE38F454b3BF2F323FB3D11a9869Dc181Ae74b9,0
0x1C31E66dcb229f32785512D4dcC46a7367f51f72,0
0xd7E0944b3166E0b7e4c3616d0c13A2fC5627cFA5,0
0x35C6c4149750274a9d78B2fE98BB2fACd2CEcAF0,0
0x1d1653A4F05abC69EE1D995624AB5F004a0b38a2,0
0x7E7257eD884c00385e6CAf99E25E9486EC4eaa71,352256050272006600000
0xC83d64526e9b023b7f35816E0E232E7309F276C3,0
0x6B4Ef28CfEfb8BAe6c6973c96033d30691412A83,0
0x2A2eD130f35a3801c8efeF7A9C77E16115C1aC7D,0
0x7bcdf436cC54b7e4e29D002C0B527E4231865E27,11824676025571426000
0xd4B57DcC298cAB64cEF93d39F9FEE1b015D9B313,0
0x2E59dcd5370DD1240A5cC54E6dB2707f6Da10D33,9846879466966740000
0xB1948e4A57BAc5099903eCC14E6f5B988fabd05e,0
0x4dbEd9cCB58aa38ee94A70F88d3B03b9AB6ADE03,0
0xaB1a27Ed3c6832B864E1fA2bE09b3336A7Ea620d,0
0xdd8Fd8cEfd4A6Db531cC00CEF1ce46009fba7158,0
0x07650Be74365A4298C90e91BDb9897058353cd4c,0
0x0acc7B9F18a20b7de3651355d52CA7338784B794,982553051086370300
0xe9414A33c911BC82E4AB6954e653890d6D89FE29,0
0x260E50dFc9ee172919fE947cE2C98704A5D33894,0
0x690D4Ad41756F7d6adBC4F450bF43A433Ee03229,0
0x7b0206cA776e27Be8dCf571b6520865ee2da2188,0
0x2de90d807ce1db2b277B323Db72d3714090C213B,0
0x67f20588a35587c0d3fFa04eaB363EA39ac83b7f,4163830074948790300
0x5632B46C98d5C26806237a79D3E28fC36c24Ef98,4986284238400000000
0x83ad2F50Eff479E7AD79Fc6BFB3B7124C32C9047,617622844292510300
0xdae1d37767b844dBeA0893a69Af3aC305C8C4179,380653549794795140
0xd3D6C7Da352A0ac0c8CB41FA0Cb61382E5f393F7,0
0xE1c442631d1Ad4F89ba7Efd8F899f584C4DFe80F,0
0x691a0AEDEfE19a4f05f8A4354A82B89E7974130c,0
0x9eBEBa96f4e3dE7C348c00D6268d43E93C137040,0
0x30B70FB5576F02c11741355dAf6fD1B6fB1573FB,5994614981863907000
0xFe5ECf863250a9ba380E3D08BA8c66b2b4f71801,0
0x23152CCE1c72Cc6Fd0b7C375f342541Da39aa730,0
0xE79973D4d105912b499DA552f29DCD9e95b0b474,0
0xC361437Aa94576be8F59cad0198DDEc5c9932db2,0
0x451123d187c65049559d5F50A62b9aE11A351F00,5730229153037425000
0x92A11D075A6cC2eD7FeBbA538731575dD58b2ea3,690589802360568500000
0xA746c5B81790F59F8d11653eeD78ba4466928B66,0
0x2db9c72646D8a4843f767C78439BC67aeC4Dd415,0
0xbfCca80b9b9A92ee0015125EEa9596b1fd521f32,0
0xA4E5f574598e4c439bA31CcadE553D8a195CBCc6,0
0xf212f8973e4b7751D09c21929191575679616Ef4,0
0x08528e30304CE983f9Dd1c3fa878E8ac7b4bd483,0
0x867e4737A47Eb2F3cba81894E205042d3dfed5FB,0
0x2f7FBb9c9C46c131D8a81f5701741b8D67836765,0
0x7d3bE110329F177b4255305E450afECbf682b2A3,0
0xA90130c6f6561E9588D2C352A02f0f857b8578d4,0
0xA81D5d70AD189Ac45a80f406A5Af09CBCDABA02B,0
0x2130826B38ad8E96035554e4447293a4AE6eB17c,0
0xDDE1b196D30eEc5e2f593A36cB53D530Fe80EF57,0
0xFE98Ad5f4027F369B0684CeD52578EaF151b6Fd1,660683167055093800000
0xE01d14aC4f6968c0ae75B303d0Dddc7333F024e9,9.314903136151261e+21
0xaf331D40470F674F3C98106186470C29ACE4B6f7,0
0x28499476078F0545265DeC9C68D8Bb31Ae3b7E01,0
0x488F991db6224ad44061D13FccEd5C77E9172FF6,0
0x52C612Bd92f40f06545439987Ad05B4203574296,0
0x655552B438D13027BD46dee323F301b37aB56c36,410445240758775050000
0xb662eC6F8E8d5C5FFcbD92EEB62E08DEcCc34D1a,0
0x4740A119c363fdDE9266E1D86782A38177A9d760,0
0xFFA0743a82c1172eE4294beeb229fD446e000989,0
0x11272e9b0d08d1E400bAfd665Ee4C60A780139Dc,0
0xF62FBA1DcE320955Ee90faA7CF49ba8ca6a96e32,0
0xa4001a9E01F0e5D908574a6F80c991d628e709b5,0
0xd39f985af48a2BEfD8b9bdA5f70b44fF07eFcCb9,0
0xcBd009e3C2cFB44Ab092F2e3D21580a078B81e38,0
0x0b89abc702D930257763AFb084637F246644c5B3,0
0xDD06DF724A3F7b652939BDf3C60aBF2db8455a08,0
0xdfeC5Ef77668F8959dFbC67f741B14e5e6c14d6A,0
0x41fcc28CBA0245537B8833f4604674F38Fc7f20e,0
0xb09f1Ed23Eda8e6e45D3DDfc8dcDBE0050C48902,0
0x509E5ed2f911A8D9E6e717b1F9F3B5E6d25Cf524,0
0x9c1cBE6DbDe00D48b5266cB0427C152602A7ce69,0
0xe832f4B5B4Cdd27AB5D2964D564D1C80FAd9F3aB,0
0xDC922aA05B14dB5679c64d6D1822B5425D7e0Ab8,0
0x8676403e61d68861Ca4b186d03AA9698d660C518,0
0x0020894d62F818473FaAaf6ca391B4922b537FFA,56732423224728584000
0xa39434c5CAB6ed62D631a7F8AF14d9f9ad8bEAD9,0
0x815B54E223d0B55D6c424751bcC8aF57f6446d9B,0
0x35d72C442fCD5DdD7B5105ED0FDD532DeCA79c40,0
0xB07594671b8742e381Ca079045Fcb9e435Df7EFD,0
0x1f1d0845f71559B06b047d5F399Fb39D52a08EF8,0
0x716008a4371137638f196eB2feFAAA960C05D47C,0
0xe2A3eEDeda9c77fD0F32c996d94a261D9A5Cd225,0
0x42595ccC546c4140FBbFe9B84B2d684e4A19Ed37,0
0x89Df4da80B46Ab143C5AEE3aB8FA4176a1822251,0
0xE00688c234ee6cA8D6b1B8033c2cb32037f192bE,0
0xB149d3a6f895b87353a8e6f41Cc424C5E517390d,0
0x2a23Ee4D575499ec9AC58dCfD3960C5D3f1F0d3B,0
0xd918736286a63E0637A9FA521E60C90A5Cc0fda4,0
0x12392b11De1386cE077E3D84D4386dC06Ff031dF,0
0xb5F7e615717C82fd71842BeA8B758EE5d0Cdc84B,0
0xf9d260696a365c93B02C20F50087fa751097f17b,290028267249535250000
0xaAd1d3A858C80887E85d8E3769be5f27ABA19DC9,0
0xcD8A9a492815C35734B0C4B574d5b874c1D26B96,0
0x36Ab329AEDDdF84780573DF2BFABc0C4a01617fD,0
0x4A17087118BB70616392E93D8cA1c745B8f6aF52,0
0x85A38Cb541C88Cb268eB973d922b2645d0e23b7F,0
0x11e67B89080615F2eB09E65e363823F62bb00021,0
0xD1E1255C3EA28008e98f7F20A54804434e499371,0
0x2f5ED4D6457E0Be2a0cD339eE2E58ea29C8B992A,0
0x146217E07978475D9863f014C6e2d537e06DFA9D,0
0x8ED02d151814BB701A5D125aE39Cb7e5e2cE6f1f,0
0xD83e31A0eAE554EB7eE6c52B8634018d91370A06,0
0x3d24e3116A13379c1Ef114FF4381477387715588,0
0xE2AD0e568779461f166309B9f07A2DEFbaBAd439,0
0xBaEA8f436728C246d469c46CF59cfc7D60f1b880,0
0x7CE3E44f1c02D35e530C03fCff19De23F15Ae60C,2.5681483774608183e+21
0x41Ae08975fc9F6bDBe7175B5a3f382eA6b4EA277,0
0xB7ecaDEb3207407B143f8a0F98fa13bc92c9F8b8,0
0xBC7d4a4B475196f4017d812d5b9c5F384d843065,0
0xf68215537766a3a8bc8409FD38f3AD645c0ffE26,0
0x4bc368781a88FBBED3F40c82627664EEDecd4E54,0
0x0545C6065c19aa56505B85E392b933F076c48060,0
0xAFD84838F03b6D94F3dae1354b466A842Be5DbF2,0
0xa2Fc557c6Ff353DE5A7a10E1729401b12F66E2aD,0
0xecB73B8B0ec02170f38311B25cF88b6Bd0423B7b,0
0xf94C7eE2b2da1E6090DF45C72B2a57a40C607831,0
0x6FAD09c74009274C35b55F03484aE1b109E91328,0
0xDe345CC6f5d19683785c0d4652950A8bd666A726,0
0xF3D99a455E64f6431eF4170374ef5A7bfe9220B5,0
0xdADBE008d9E02E1811bD64E787830D4996F1F58a,0
0xf2d6d9D904D7B53598d6Ccf01544c89AeFe3405d,0
0xe5d9DA6e8Fb1BAc6ECF6BDf8f1CA4393D58d12B0,19174047733590962000
0xae2E513B7904CEE5e1b91686F321aDF2a2bdA50a,0
0xc22561036bc0Bc261FDF24bE788152525e888a1d,0
0x500c64c3F29907336Bd75Fe8599d9D17e95907dD,0
0x02D2BbF8B2525C55Bd97928D089f98F3077D212b,0
0x0bb6A76aAA1b1e60753FB06c898a2dd482e93dd3,0
0xA1F559f49d233d1049de76CcF2e43190Bb4Ab9cb,0
0x15c4974D99b32d5ac6cE6F91b1B74C30174f6BF2,0
0xe2756b188CC73bB4B04d173a796B3F7dBB28F83f,0
0x33f6e84BF566d7e65A21A0E235366407D9807D66,0
0x4D0baD297ee2a7bfD3276D3BEDA71ccb141E0A7E,0
0x892eDd7AB347652505A52da38961691DF659ccd9,0
0x7A9350d0b505871AAe71a74128fE6708aE4E9aDC,0
0xCD4D2aB4ADAF16639bBeC7327dD9699d38e4CDB3,0
0x812d26d8F80fe01d856357235520BD331C1dD2a3,0
0xEeF1058C76e296f49245B4BD18780ACf2CF9fD0D,0
0x0c00Ed980F338259e71D85344173515f8650C1bF,0
0x1aF760c22C7A3FE0B9fBF7aEAa9b2E58D70a87Fc,0
0xCF823790c4A26f4eD9742548DA847Df7Ae6ae5f6,0
0x79B566d85074e35296e7c325E6393012D17BE868,0
0x769687C87648Ef16071DF86626B0FABf6Df5e0c2,0
0x11A0c3BcDF32d383961ffF8E499c2235c1a0852d,0
0xA2C2D9340c5F0D0Bd3103838479a04E7ab0A0110,0
0x8979097BEEa020f9472c5EaF75D0F9b7585b75b4,0
0x2271ca90CF262ca5f1A362cecd1e299b6830cb3c,0
0x033779fec0328cFde4aB43F0952C84b04a9c6D04,0
0x60a91B61b978F9f2Fca4536884670Cf9d1e6f109,0
0x463870A4246CA08Dc2893696a60363092720c6f0,0
0xB6b648C695baF16093Ad36D262968873CE48a9b1,0
0x54917853F698407d21B1De44323E820200bF3Af7,0
0xd641c7db4942F20B5c43bE71042A34d3126A2da2,0
0x538698110dde9418044988dAb97259DD4C31F0fA,0
0xfD674Bc7537E97cf9239Ae5159FB8605C233602c,9830154246831536000
0xC0DDeF535b04E0F035f50C51cEF34DCC7740a194,0
0x4372bBf5eaA4fBD3e07F2Fe3e8A897d7bCa65BE5,0
0x01d5e2a324bd51c95556bE094BbaF7d0D48c3D7f,0
0x29d8934A0bcD631dBf1Faeb761Ed4d962b7AfC54,0
0x33fB50A670AcDA7b59fDcaB21ea0DeEc505796b4,0
0x982DA5F09Aa4faC242634aCE73054e5797C320eF,0
0xa02cb636A489e24453025bC8416EEd483ee553Dd,0
0xE684dC05C16851c65Edb5D9fc3b11Bce4F427Eb2,0
0xcD379DfFf70c1Aae50A000CD6169DcF1B02D2757,0
0x91ed7BE9bFa5d70b8Bb3D1300cb503a2934Eccc5,0
0xE534E9c073E0599C438e34217e9F90fd577ca045,0
0xEfDdD1320Ca76C97f68bFF4501442e367d42462C,0
0x5A476B93a8ab81eA64394FE8Df856fC611f80f07,0
0xf265e0A3cbdcEBaCd252DCF297D6e8152b18a097,0
0x33be48db1C3b24DeD623D955c8d8374205219320,0
0x0F80Ef7e2E4F59E49c29CcD0bFb95c35e7feC9Cb,0
0x0538859DD48317B12B9C290026432A88AC606d39,422104407865198100000
0x6bC66545D8F8E6bb3B4D62EFd745C9c38A49DAFb,0
0x6334d061f1c43f5a9B7fCe55e65F4fDB4932E745,0
0xB3F3BA7B9d0268657F2E3411Ec365f5704F18c89,0
0xC1F82571f96896Da1eD2fe5F740F39512A06b119,0
0xa71674d6c33b59435102F4f4B6337e306618E904,0
0xC021aeDC861f85512059331FBd133e2CDDBFA96c,0
0xD040FC702fF3B904890bcd777530175384416896,0
0x9EFfF6B2236a01Da0D68459B8862FdE08FB9445b,0
0xD32c3d2F050d6d8c45328548370C87c09ad05c14,0
0x40b8b2325F8D73d065666f89e522c011ee25A977,0
0xF1669BF2fBF4A8702A54404D459E98137C7514EA,0
0x4c0b080e9d1f159ad3268A1D77d8333c9874B4c9,0
0x40d574C9eFE6e00265999336E535194BDeB56bCA,0
0xE75CEE6Ddc04FbBE90379EFb482fFe0DC41cE1c4,0
0xA3E4EE0b05235e05b4B9D774BBA7c19e6d3f6DB9,0
0xa92984686E6196e15a3FCBA4D0c3eae9e5c6e3a6,0
0x020c648E054B48fea50571211887DC18B78d91d3,0
0x5189000d85C29F8436a38af1C9E35c2d947b7eC1,0
0x85C161852e591cF4573BC561cC1344eE05c3D1A7,0
0xEf0D6761bF00AdB54F1F21C4d23D5874790764d8,0
0xfB3A4F3Cec67fb4Cc3428c519c4e7EFDDAFb5bb2,0
0xeB26bFFEa1E152731E25ed5C9f07BBB19335a9C0,0
0x969f2F8d84E73d5306d0f5d6871C58255Da2867d,0
0x51C817377B6fe11a6C5D7b346fa05eB657ED9AFA,0
0xaa54BDf280eeE574acc587De7e40E093Fc13c7F4,0
0x1A21A3Eb1977FCFF30944d79ecc4278aB83375B9,0
0x397E884831ce6F418f9d79FC5a368f4633B74b9d,0
0x31Ba7d91016Db3C94aF948059FD45837b43c9AC1,0
0x118F2dc9B197bee2cc647836eEde196ff681767f,953828628809526700000
0xeaf41e85A9804c74b332FAD07f7e0cac53085345,240281879756610730000
0xc7B685B8EAC649D65F8E910F3D1A3b33FfFBCF2f,0
0xfa7d21996942130e5AE06995B167c35124604FA0,0
0x87dd9282247D03e8415C37025137752522DefCe1,0
0xa13484c988c195d90749F04475b2A53A093D6Ee3,0
0xe60436c7FA1Fa1a272cE0D5931D5c07a14517870,0
0x8380069F4B8b4A822E31Dbe8f4895a3c479073e1,0
0x3f45b834b7640D1ceCEd17d6305e1A68aC9708eE,0
0x79dE631fFb7291Acdb50d2717AE32D44D5D00732,0
0xeBf91c8a455A7C541c644594A7359DBd40D3Ac05,0
0x49A9dF79404F5890b4616900fD9624F0C0d27351,0
0x86fdDe9B7A6836c190514a558A28e49EdDcb856a,0
0x5c2D097f5EC5944A2799eD066ab7ee712171C9aa,0
0x5160E1E915e52E9E1c71A69b0964316E2308bdEB,0
0xAb769309EbCEEDa984E666ab727b36211bA02A8a,0
0x34F47B017AEFF932a324050Bc10cf091cB7451C1,0
0x78B3Ec25D285F7a9EcA8Da8eb6b20Be4d5D70E84,0
0xb9D24761ebB3e3a88B8CF20e77F56ccF026A2044,0
0x7465982750551457d327D36539C4918933641a29,0
0x1C515165FA78Ca1E196073669528171375f69AaF,0
0x07494EFB9fc623b74B31714192826c70EbA7423f,0
0xEb8a7580EDd57E1ABC7638368983c4F511197Aaa,0
0x2D5a17539943a8c1A753578AF3b4F91c9eB85eb9,0
0x711ACA028ECAEA178EbC29c7059CFdb195FaCD37,0
0xFC806445c4b0Cd46a7A8568066d76d0677F7a3b3,0
0xeadCe7a42F0A03A12AB599e4abE199abBe4F75eB,9633178367562801000
0x6b775aCEaf5Aa387dD51324EA807cda7B682C57c,0
0xCD8D5a5d105DFb1d5c165eBe6CFa1e25deae1D5E,0
0x06A2488EADB13e911b1b54a0E19CE28d30071BA0,0
0x035a70F90ebf04AF678F747bf6df8D00532daA02,0
0xe8E60feadA5071F20C1913a1C52419b56A2f0866,0
0x1847069f75B3498c0A7eeB960c137Dc5B2be5EBb,0
0xC8197ee18eac09D3dB284111870f9a5E53371856,0
0xC45Ab7cdBCc9f7A7AEbB61a4540492F5Ee55Ec90,0
0x813B0B4F232444834CbaB5B4146eb8e48B6843Be,0
0x8378943487432a31925De3aa83ab445609283626,0
0x1aA3A2B76eE5d77bcFbfc294A70082fc12E01670,0
0x1847f8FD01AC45F696c375568ff62538472003DF,0
0xb67c0C5E1A1D70E687A4286dC1577842009d443c,0
0xe110121CdDC2a46EEEA4526Bf76Bea01e4603191,0
0xD1Bfb183400f6F584583BfFD76932cf813971495,0
0xb1ef91C7D8CF9789ddC81b224f22FEee152E9fe6,0
0x996EDd26A3E1bDAfB9Ede8B0C3c031774e7ea2E4,0
0xfEB337E17900DbBDfD301f51b5D9ae420636ca7A,0
0x93ADf181c0D477568aa8c18014cED7fE5074b561,0
0xB6151d21EFE0f36C9FaFCCFFb29cee1B7C4f8631,0
0x02713CCac3eE0476147f0ad010BC3906738a8878,0
0xc3D0111288060B79665E653633c6F85096298Ec6,0
0xb489E07647CE761baC5f4144653BED6Eb46bFA7d,0
0x9032dC69fBe3346FB5D8155b965530d7Bb50d7fE,41950853228738000000
0x1c634804ba4f83a66134cd92961066F7adC6B928,0
0x248B577366120d234B5Fa83129d19Be1820F950C,0
0xC480e6F1D940fdC8de1b3c6c8998cFE11180e07c,0
0xD80a0fE80589f6574FF8011B2Dfd685F22B74e92,0
0x957C31c8e23A909cb412B242D8A1CE5340261cC7,429904858269050200000
0x6dAbA74a1ffc8DC9A985d1C37D175e8a739F02b7,0
0x5dF4506de5A19aD417996b20dFE9eF9Ee10E2fa3,0
0x4625Fd0168486a7F90920a54Dc6c6c869Ca17BA5,0
0x35128804eBaF84547b0De00E11668B962a805A94,0
0x91f8d934bf1E94FAcFc0Bc3ba36cc9bEB49e4908,0
0x435692edDBE5aFd9519611012A6306B077aa4454,0
0x9AD5A12D87Dc122250eb46A3D5D582E466dbc830,0
0xdd1374494bc44962310ab731AFFBF5C9e01c74bd,0
0x93beCA36d5bcDC7Be0F9cA38b1b5F5F5292aa859,0
0xA31d25c1d3D880BaA43e748c3CF083F290102dDd,0
0x90036C2f2c4CF5958EB0a9A841aaeB734E786516,0
0x3FeE7a1681f10dC71DD3d29A062d371c5FE2531c,0
0xF81c6c7cCb1693B8C997c6a66D64ec202bB123f4,0
0x8Def6B74Aa0d22F3f443CD619770885f5744753d,0
0xC9cC3aDD63d951d712A64AbC32Fd1FF8711C17c1,0
0x75BAe83F16074b1a0D20Bd0B39cBf615438548dC,0
0xCfF6c31d69a34882E3343c721040Af03412325bD,0
0x9E6618bE5c507Cda47514bac452A39482831F384,0
0x3F0a3DDB1218620a15ef9855ED86668935db1BbC,0
0x5Bf973C63688286c15043aF22fb5e75F98D6ae79,0
0xCCd9522A0bcc6DD933768483AE67EAcFbc56F5C4,0
0x08bC1525F3D290B691D9f5d528c9277048A034E2,0
0x13038294d9f64C73A5ff4fD1316cA9Fa13fB0Ea0,0
0x5D58EDC7a7C91239Ec2FD56a646679780886323c,0
0x0C0941B699865feEE8c32AAa8F44B349A460a558,0
0x47E978d2aA98B3541E115cD8dA609dD93d3b7aCe,0
0x32277A348d42105557a8A3D9176713a9bF2483ce,0
0x42DCaF01B005766FC349527dc644cbd554653f53,0
0x60f7244C704184ed3743DFFC694c0d922BcC2093,12653194258060032000
0x9494D5950802446F2AbDF81149CEA96227861b5c,0
0xc4022f2bad4527Ec76bD2418B83116C3D0f9beF4,0
0x6163Cd091d78aD5e2A9552cDb59338663e388655,0
0x74f37e50030d834f257f7A5972881cb6FB2ea50f,0
0x89c7A32a3b3d66F7D9d1A9577c89051062FAb7a4,0
0x4768883C899D9F8099e6ebF38fE35E96355e5eE6,0
0x27F8e0975E5264523884746B60e9d1763E4d7Da7,0
0x3ABd29a5e38153f44037656dc8480F94500873CC,0
0x46880D2CaFF6256E3CB657f07Af58232704Cd026,0
0xD712c43Fcf6f70A56C1f3B710BB2D29574db08eA,0
0x51AdE79d9227c4bAc15506867F7C9aC1E05C891d,0
0x1Bb19836dC3cCE620A5A9544863b959aDfe66ebe,0
0x68d380c8632CaE3A1f1B858CE24Df33B9160645d,0
0x4Ecd96C2F55b981e1d4A6000D4adc28ab6F67CE5,0
0xc2B6493c1B6A99840eA6fddfAe0846AC7c1a5e5d,0
0xb898d912753C0D95ae7046c6D62a1C48E0F9E595,0
0x454e4A8D1CDc130678F618BaeD80f167dade5186,0
0xc20420853CAa5bc5c8Ea359599EE27e74C7A65D4,0
0x10ac1802F11616f141BF1459A9564C0307ACeDf2,0
0x24c7c6dEC28522445D5757C473Fc783C43bA9F45,0
0x5e0237a6E8ACFF1D34269dC0c8b30501E2085504,151700583497944640
0x12d75a645b9bC9abA4d8035c3fa4E35508c3177F,0
0x1f781DDe2328959a0EecF318A619f3b9ADD3Bf1e,0
0x73eeA42767D4E7F537fA395Da92de3895593f674,0
0xfaCF50f480dC980506F18d1d04A2afFA09da1A81,0
0x942669B655D38A21B4fA832fF8EAa16473f208EB,0
0x18b42eEfe54423e96ea904a1ef6cF72A440975eA,0
0xb18fA4176C1e27100d25955A4539Eed66989Dd8a,0
0x0Ff255a2948Bf09E7238f1De9Cf4f4CcE4f36c49,0
0x09Cc7EC8c50340Cf95FB2917a3E1c9e57Cd30614,0
0xA31539ffc894D4a5d4A6b6bEf038723797a8aa49,0
0x05857Ffb9F5aEb5191553E4BCD1a71c8A15BA0d7,0
0x2341b8A9F4347d966b022F3050ef82d84DAa5F7F,0
0x3C4B3B26c071bF22AE44ADF427bF7007FD539d69,0
0x5cD43262128C485136213b3673237626102572F4,0
0x4A3F5CB59a3F2A35bdefb9D699F31D56B7Cd4B09,0
0xF4701fCA427FF1f5320e8e4EB8F77f0ad63022E6,0
0xE966737E079657877Fd13fDf89020164616eA435,0
0xF33700E30922F7aE6DF0617f983d6426577824eC,0
0x832Bd451A2C8fF7B488984f9dC45c6B4bfc95978,0
0x88BbCbc68857b73Ef16D19fAc0b0c5aE9E2a0Fc2,0
0x86f740fc906aB868f89AE52FE4959655935b57fB,0
0x44d91186003E0fa1e3229f50259f0f966dc4bEa6,0
0x8bC3B6Fa03ea8b9ccC7CcaA78Ec0E701E1eE2B97,0
0x973CeAA43d08C4fB5D4c409d7001e2C12DA0d5bc,0
0xA9e33E978862ae9C9bCCB1284700c03CE17ac748,0
0x2b23b47077D604A66A910b8cF3d95bd825Cd1B8A,0
0xC7eeB3b2129c80999b69fF71B179cF073cC4F07c,0
0xF484a232AB5DB2f30123784d1bE1A41D632B65ff,0
0xCf02EA07f10D31012ed7337d5F5D3222d8090617,0
0xcfa5a0137d2084D40d0a4C724509467d5BA33e02,0
0x66c44645F6F7D40eC4d90B215484652CA1138216,0
0x32A885e716892AC9af3dD72414B00683744A4E19,0
0x8Fb7b06aB86Ca9eAc80944991D91A885c5b9a36b,0
0xE04862768f3216F32ffB610F42D451a1050Cb775,0
0xCf08c82D36eb2E91235416dc96c4Bbec9EA2f363,0
0x364e47A129EE6093D27d9a8E0b5Eb66Ff665BaE5,0
0xA0696773d3DdC14eF8278678113054b1a4FCc713,0
0x8910fAefAb08F660E9dBB2c05ddC95fb1C33a9e5,0
0x76E77614600949dbc8242ba3545Dc27E23C9b25f,0
0x79AbA6911Cb3aE2a42E9b4ea9856517AdAB729ed,0
0x516B18ca70778752Ca166A6EFCfD04b8030bBa85,0
0xdeD38b56ba763974eeCFc49b22121d38F3Ab32bc,0
0xFAaBD67a57fE334147d7d8Fc60280bb0c2126651,0
0x44d1fD1FBd331004d02A6763c7cF877c3584e6e1,0
0x6458Abb800c1835DB625D00F0A3a7B6C3727216a,0
0x95e94E3bcaA567953a8FeF887bA44C3a6a54689B,0
0xAbD4c34Cc6BB50f49B633Ed82eA9a3bb44CBBCEC,0
0x76356274276CC917c3C5fA16D3FAbD4c5B498fCa,0
0xA1915a1252055e0d6e014138fd94e233b7af9AEE,0
0x4C1aC1dB2615c396409dc85486AA89EE951Ead91,0
0x218A75491Fac6a7c94288b3ba3EB57F1EA52C22f,0
0x8e7f4DF119Ac13c42E0d8665DB14c84517444a63,0
0x449BDcbEcCdc2cc907681b2F5B5F61AA32C188cd,0
0xE28311266FdEcd4c90D0FAD34a309982C00954c3,0
0xf3aA6E8DaEc94A1641250a73F690013330e36423,0
0x42838d11214407b673e513CFD4076922A4660122,96959631874875020000
0x90418b5Dcd5372212fb17f264b5F3C51c779C43d,498289435570494850
0xf9Ab42E07652DcE86De22bB301Ab0121767BaFa5,0
0xDEd18F02D4B1D13Ff396536F51c85f3D19d14405,0
0x095aa8fa4f4bb53c358C1972A840f492c660BB8D,0
0xD0F7aa883B399E230b3BC8CF59d80985daA3C17A,0
0x53E57C1C9D612D6E6B14040f2C07278D36261E27,0
0xF51c13De48E88f41a460eB6141C57E0D5E38565A,0
0xa903aea6ae9a5c670F729a906201Eb274f481214,0
0x88Dc7747e04A8c3df8eC74A1905DF434C7140820,0
0xAEE214AE29275DC6BCD51672791Ce29854057505,0
0x47FA1520dAdA2b2782212AD18707A95E0cF9fd73,0
0x512B545b0F5BfAE2dBBe0675E9B3DB62dbEa12Be,0
0xe347295Be64220EF176eEE75a07c7A1Ec8C1a3C1,0
0xc5FfBaC67f0E2D9f0bc5D59299402fED1FF23818,0
0x450dF109D48A6589B4785B255C5dE4d9e9ca2e03,0
0xec08D893433873B837e6704c902C556819BDe8be,0
0xf02e909Bb28bf5F0A2Ed4A10C360e7E210894fFe,0
0x76c45F08125DafC30f35CCc0aa784156551f19B4,0
0x44C0dCf6128a05935c2F8E7151A8279e3C818AF1,0
0x057ae661a9B8b1f623e03d448CCD729C08293820,0
0x9493cf32A753933C1a1205B353556e5Df20bDfC1,0
0x28165971E4d592CA6C45A3786786Ec2f6b4b8D23,0
0xd3F2A43E9d97E5b3e15de47Bc73D78A0CBdd229d,0
0x7C95C34054e6769369b330857B1eE85C8eF0dD2e,0
0x311a9cdac181B0F746444035f220113Ea848Cdc6,0
0x244301cfE4229cE837d392024C74DEE7850bB134,0
0x0a554a9DeDeC4D6Ae6Be03f41aCD27279232c7D8,0
0xB738cBB316df8a5b1575D8A14980ac69333dC1d3,0
0x2ddcA352D69dac3c0eba2fc53670880fC026E1Fa,0
0xe03044BBE0D16F0F57B9D423D1AbA75bB80BAE84,0
0x7c4fb91B55d461dbFdF4Dc185eD2A5761AC0640D,0
0x762c82429FaAE30681a0811a1318bED3fb8165AC,0
0x69582690A0e9c4b70195fF388AEB61Dba7EfaF66,0
0x0B77485D60DBBA7E7774ccc906Ee38173Ed34B23,0
0x8292Fc9bec67e7cE53c518570Ae924BCa62cE0fC,0
0x7EFE4Dc2c4D9e5D6c21C1eD841a4a77e25D3BA96,439423963985947140
0x330B100Bd3526Fcf3bd4112ac8a4173eaBD30C8C,0
0x2BDe65Acb0c614bEB766dE06eD0DC8a441fF8236,0
0x980495469BC46B42F9EA3A5D01d537C9CDd04237,0
0x61E4A6580A9223D645A191faD4A97aE41BdfDcc8,0
0x703812aCC2270df7652e0d444489D3Ad82Dec87b,0
0xaffd829D5783c1Ff7b34aE923c80BE974E5440E1,0
0x2634832E2658A9bC941643A1746347D504E5d391,0
0x12B52e25bc0a78269a37dAd59D672702f324c3c6,0
0xbe147AB092d033645F2A323b7d388F69983fdE55,0
0xbDf0fdEb52379f5814d6dfE0861f7b2cd7a6EE27,124512502131522720000
0x9A131963f66056736649e1bcDDd38Ddca16cBaA4,0
0x0662913952eFf570E6A8bdB3D56cAf31EDAE448C,346511751493729650000
0xBa606846C24b010A3706E035EB414ee3F87c2510,0
0x300F3647cF552CfFd2d39b136F7992d7653D8497,0
0xcEf00595A2377e2239524106E6117c8599ac6455,0
0xe533b5f8DDd11E13B6026a9f4612ad6a4e813933,0
0xCd9beD39918e6845E259d94Edc9d946b81f44105,0
0x5Ac56b19A41a1E9596707Fd0ff5201CEE4090Ac0,0
0x45d4315bF7538d93b3a0421D85dECB24100Da965,0
0x469E292259d7cC31a6D4f2C2BE5769cB02B07f6f,0
0xdC3b62c18807e6C252Cb8a5A32f7cC9c39A8BD9d,0
0xB694581e9df039ED57A463C37efba5c593e4e372,0
0x70318d036b90DfFE81c14F4b61fE1F57c27301C2,0
0x882a161e403a8c633F925d6De7BF8E14ffa62BA0,0
0x5577C652cbACa80518175B21b2E08AB8f4DB7BFD,0
0xC53b794eee26153c7fa7c504b67550B5Ff4dd714,0
0x166c7821Fc4B4307ea4412465F38B1411ef7FBcF,0
0xF4725013b1E7e53A3B8d7BE06A4681490205C6C1,0
0xB6648bA332031b4C81289211FeD2Fa6eb6a1C307,0
0x435716288E426078E10b0Bd5315753F92F92D5fb,0
0xeE009cC980D0bB3E3949064D071c721BfD38a3b3,0
0xe3D69f862DF45173A479871d5132cfa71DBADCB9,0
0x86dc63fB3D682A8307A17a8E921ec9c049C34a65,0
0xC2C8760DE9e80eae932F54e953111ADA6FBe58d0,0
0x1CE3459ae58367Af2CC17653A6f60c104A9fd2DF,0
0x818497dDA073Bf732f5D943636e0F1a14e5BC53f,0
0xFd6E5c9be40CE54c3fFD9e4EBc9CE42A3d113BF8,0
0x42d00Fe1eEdB0051b9ed98a53A2263223d99A38e,0
0x4A9C59De275E4904f5c547419FE4277B83f981a2,0
0xE16f33B47e8E2b04869278d0c6830a06602ef87F,0
0xbA5124a74F0465f4aE2e79284a3206eFfF4eec49,0
0x6d41454272ADDA86196a57e429d7284F79bD5992,0
0x290D5EdFa2cb4c0c1Ca0777c32E7fB8592c0BA4c,9686613581395323000
0x24Cff7Ea8dAEb9a41E0CCa3b8Af9E05c5A14edEb,0
0xd60457fde4F002bF352908DcFb9ad91dBcAC56ad,0
0xf6C1196Db0079766C8f38e8dE120879ef633d0B6,0
0x75a025077A13860be8C8570db3dD58BeDc8566F9,0
0x98633f473D526f3b92034EDe0C51994565F14248,0
0xcE10f90E94FBE25A1c3f3a1Ad515E714CE5950d1,0
0xF52bb56EcD90a0756dc11d0Be4ca0A512dE2587d,0
0x05DbdEB2141A223218aBeec4FA19B870Cd3F7395,0
0x7679A6C7d9076c3A8cfbE6aB6578Cfc79Db11603,0
0x33cAA5FD311777B43a8913cA7C1ef344A9EeF1B1,0
0x29F79982886943FB219fb0460C5fcB4CB734D9a7,0
0xb15ed45AB65F6d01880AC27F05B68D7ab52f7aD1,0
0x251e6312d79D7dF12106D1Da07Cf0427d8d13A0a,0
0x3850D6FC2dcd72C1eFA0c5D4eC10F5c1458D1961,0
0x8997979fBCd3dcc10e676f2Bd2956bdbd1dee1f3,0
0x1C31a31B41AF952864356B9bf734Fdc2965f5aE0,0
0x0B17F063692329F702Cc7C3270afBba5FfD28D72,0
0x2aD71A892B8ABe5DC7E82C4a487250367098EEd8,0
0x950fE287067a60E86f0063a0Cb1Fb95190b956ee,0
0x7733D48F22A9ee77BF42aC4E3B74b73e8A0cEA24,0
0x88Bb4f02687695EF98dCfA33C270b32D1fA15d96,0
0xDB91cF1BfD0a6c6Efbd9989c0bed98E58E21dD50,0
0xd19df3B2A4cf51eA24950bf7d75AFbdd0fe094C2,0
0xb73A4198731a897285b672b04F195B352Ec1319e,0
0x168616afb14e8220347Fc7E821bCb56e81F62b36,0
0x73BB3322c6dC506d083230da8C62953656a305C0,0
0x20a0dd783461bCe4784d13Fb08F3b6C66ba6D8a9,21502506536679000000
0xa0Dff245AC2A07AAdb7b3387D044F2Bc32F6165e,0
0x605d6451F9CD43e423f03dC2e7fFEABab4Bb1531,0
0x2829edd7bB935e0528EdC1c892925d0f4b00bEec,0
0x15A148c0d004e199c25Af535d2D091c43d387b88,0
0x34fe22a31FbFA0853972C6d367D0D8Ef2941D7BA,0
0x92E6B4d1FAE42a1201279716b0c9bc68f29635c4,0
0xA50aFE0b21b07Df7e9De64D832AE9C733BE5c39e,0
0xF79E4cc7A5Dedc344F711f7769cd10a6Bb1d0DE1,0
0xaFe6B977fcf3C634CDCD2b324b799b31Fb69d708,0
0x488ea9bCA32F99510024EEF2bD5c17D663b2EaB2,0
0x7Cf93bCD9b4E9DDD086559C062A8BcEF8EFC5840,0
0xe9651131cA1ed0B9908Ad248418336904F9edDe2,0
0xAf45B0E2CbEA39650Ff7e90f8F8393D4C5B170Fc,0
0xdf0803F28faFda95D1E70AE18C213fa03792fEce,0
0xDDc13CbE68e7b84F252d7941A9a60F02d3192106,0
0x0E6e8e8f54E3497E9b146e4F9D9Bec16f89A7aeE,1983050847600000000
0x48641473DF9D132634de0C1248C7758405FA294D,0
0xb2b7807F6943486129aEF51a909034bA866a4D02,0
0x4091e608CbEb56200a0f7eDe213ddb90326B20E7,0
0x4b65553b6bc8Df8Ddb23a57bBFb270afC5232Bdf,0
0x04667E4caeFBed2F6d7Aa4699C91b57112cdFb65,0
0x5D77ccd107ED1a4FA405aB88b7733b5225CCC9FD,409484247533111100000
0xA9D0B9563c10c34fb3809D8ea0Cc7909bC9c6f94,0
0x36bcd5F86104045B180efa1d861156282b5352e7,0
0xc7A85E139A55127D77EC64F550c70a99eD631D60,0
0x5343dE6d8b2483805f2179BCe3ef62350B067B94,0
0x55C2734417f3a1E2CC3c54D092540acfeA3580Ca,0
0xaEA68c044ebAf76a14395a9e0f9dc4f365e4F45e,84592902998490050000
0xb28DCfC04B0a5AaE2A157a68f9608B25B390aeE3,0
0xBc8a08f3f4fb6017F52e3836322c009225123ec1,0
0x7718E1d715E5125FbFC72C5b7ba7c4112e99E0E3,0
0x93893Ff8E917063a838b6AE02aa6901a6a8a8738,0
0x5A84A383BBCdce1Ddf04d3b482C5B0DD64Dc3006,0
0xb7045Ee180BCD89956cc420E5923244246E0e48a,0
0x90c43c44A9C95a7eB8f323aAc0AfCe159104C47b,0
0xcDE96F33cfc45d46d400dCC2dbcc845Dc8cb0Aa2,0
0x362538692914576DC846f00053F87d2731F544b0,0
0xf44a812dcfEFa10683a3971CD86d70ECfB2D9660,0
0x61d5121810332743E77A81BA68A893e539bda943,0
0xbEA3E88fe9Aaf9Ee6969D90B60A2A760df84DC5E,0
0x2C9b9f1bc9d7Ad696A7b540dCAa44D1483B1b6C7,0
0x867c915b63a70b5929678a1F197b86d25A07141f,0
0x8691F33360449A0e1E20f5d1Ed42226b644f0EF7,36033723671197970000
0xaBc4313B4D2E1fB1289FdE56FD0F2F91E841f434,0
0xEf3B68A9128d422321Ae298de2d57F6722AC0364,0
0xA3FeEEf8BE0326d04A5BAA97a0f2Be72fC8e6182,0
0xeC94bC3d6f0C183F735B5243b39A816C007909F1,0
0xE781946C77cF56c1B249F5B736c8Da2058C72fEF,325014065243298860000
0x7BEa2B1aC689C2ba8C48c5baF0AE7e6dd8A68B0B,43614966560133000000
0x31f249991D1B4E583e93a94c0BE134F606F644f1,0
0xAC51A65458957F2e1feCcF2E21Ceca4b779E1C9d,0
0x6b78569EF6276Ed5eE7Fa733C1774FcaE7C1A35b,0
0xEd793910ae336a030E979E27381b4376876bd071,0
0xb499afd25A6069B882e0E4EB6ecfF6279d76005B,0
0x9Ca945ec1DBaA2F5118a06aB4E3866bD628f6588,0
0x766311C855B1Cb2b3059f43c67645991d76a6BC0,0
0x4591802298122CfEe65598Cc159aB0aa54e2906E,0
0xfe2b7E5977B1B4F685e396BdecAA36C9545c798b,0
0x153F34e43EA3E86F412EB5232a6D65d5F1b4B905,0
0x627EDe662Bf757f128659eb1f352A433E823f7f5,0
0xf621A2eDe958d7ebBeE739a751be8De7Bd419754,0
0xe25dbb94eCC05dE53F2a46760d024A7F89A8cDAC,0
0xA8b7050baDB226eF74f28e6d0bE536cD95a40Fc2,0
0xEEac7d54C2286dA3333c881C0B8a570a01B9F9fF,0
0x839f646Bc9029C60909194E6c6E704591d169a28,0
0xa5cFEb5742d0480D87488E90C8a1001C4a2c72cb,0
0xAcf8397c555e36ef23950973accb2ED7317552ef,0
0x93663bAD5Bf5c4e15cF7A222b52965Fa37A382D4,0
0xCa16F68A3acb2C8dF8f89Bf6FB83E3eAf7C3EcAc,0
0x9670a93dfAA368f50781A6aC6431D6E3099137a7,0
0x14544230BeB00623e79f76EAfc33638e1cef3dDe,0
0xb129E980aC2B241ab25Ae8E9b5723fF8c7DbEB56,0
0xDB66b365d5cF7D1de2cAe9ca39389F047786524b,0
0xb0D77fcf4Bf5F07a8d7DC9be0a3d8Db77DD457D8,0
0xA5964c2f2812e86D9A2924786415CbFaA406f445,0
0xE79D8ac9bBBC82b6Ce8d45F073855608b6B7c881,0
0x54b5E3efd341a63F291EE293c3B835493e7278f0,0
0xb6F85994c4A68c5b1dA31B900281A711A7626Ca5,0
0xe98278C424303a2c501E768c251FCFfCdf058aa4,0
0xf264B428e8063210CAe372E5Eb69bA47c272A169,0
0xfa84b43AD141D5F9f1C78Ef20B7b613b4e86498B,0
0x8d29Ee0B46ffCa15f9d76f9B80f7a1a6C070E16B,0
0xD244d0900F8616546A89Ec9D8ca07C1F803206F2,0
0x83849e162Bd612658fBAE8e0E00cD23cBb72177d,0
0x62A99368bac7FA167291A77B722176C5be72e0f8,0
0x94f09bd9B92D3401D04346B3C0cDdA0aDEaa90eD,13748523039711850000
0x0ECfceE6083957b7e57d697f41Ce94880aBb1cE5,0
0x900aA3B5A38330B0327cE9A4998aEAE71Ef262EE,0
0x411b7fC84A1685C16d73a031726426EB4205bE9B,0
0x099a69c017761247AB3199A3Bd0FB0d13Fa256fA,0
0xc737C4Ab6a6791828BDe7544d49520950CFC1581,0
0x8EAE016b50C103A5438A5f50Aaa04D409Af29DC8,0
0x6F596113e3ab807c71F25916FA1E14e02e6cf791,0
0x3E1feeeACAb2b898F6C327C7C58c41851C5d030d,0
0x84840C5F595E170f8D335a101eAE12a8a0727997,0
0x26A04d14b5cf153d2fd8Bd1d235074eD6A32b396,0
0x6742ab6315939fc5e07F595B94eab1289393CA16,0
0xbBCB92Ca28E50018F3A7585133C314b397c9935f,0
0x32Dd7aea8f9e4871f22DC1310D4AcFa264CD0c47,0
0x20330ECCCb38aeb1ED704bF38e7B40677Fc98E36,0
0xAB241f33968532157F6cDc68470B17203FD2962d,0
0xfAbC330828E138D152b8B4FB01Bb743Bf5f6779d,0
0xd2B7707a7096d6b647a499f178A7237a5D948F10,0
0xBA0f307a297CBf5a2aB7893Cc9eb753Fd07355AB,0
0x3982E676CdDCe28A4D4c512c3c5b2B7eAFc5C1E0,0
0x77ec487Ae74d1DBd6b4f58699B389F2AAb405424,0
0xc2241518FbCF042E9F31aecd2b63aB328107A11C,0
0xb3559306cB46d9885E3b141147118C95C5A30087,0
0xed2fbba7741111A514a72233f65C72f2702F694b,0
0xbA26A5FE275c52085901609D98Eb5d71480A4483,0
0x02990cb4EdF79b9BBb8f23C750ad1F7aFB367459,0
0xa523223Fb74B1D2E3Efd07C04E05250741157b1D,0
0x813d3584BDD49CCBEd507b4BA0F36f86871B0B6e,0
0xeECAB4BdD0E5e07836826AD2da6f10c91C5A9eEE,0
0xe9b35F758a90a65ccc13c9d42271de969890e724,0
0x70bC1e940D33341019F80B33a9b4D321e6530469,0
0xb68c2eA2828D0EA7Ef2E1E30248B1cd1fD763bbF,0
0xdD2e8F1d5770893bC3a2F9afc97874D52D7a3688,0
0x008EAF0F4739708904A61d374BaE211708d77265,0
0xEB214df84056794A0EA0bE102B8368d70f6987C7,0
0xc43A3144697C271a473d5249938e8193cfd8c5a2,0
0xc65130e57435Ae0f7575b9A8Db90381c6C0F43ce,0
0x79aa739E88E1dCC90fa4E775D86A97D41A3F8D43,0
0xD335e232f7D691F884F62a1C2bf7aB9b5F43D996,0
0x7b2cF7348610Ac29a6f043db3498a4157c8A6A41,0
0x05E7aB42D24FBFBC38289006007565656CAa1c8A,0
0x60bbA5df1aef433EC67f4CEd711766bF85C44Bfe,0
0xA72cA639ff731669759d30393B2A9826aE12C553,0
0x25259e9865f84Dba23246e7FB0787fd19Ca0B097,0
0x9bb936b5e123FB9aADE2f38754F12540856501bD,0
0x29d6FC7dEB8Af14162f8b0B3dC3E1910F8b0E157,0
0xA8A19eBff935B676297721b4CA94CeF88565A0AA,0
0xE06F164F6aBebf6E7b2667dE7eB016aA42139eeC,0
0xc08fb7f2d750Fb7A21D655d32d3bD931beE5CB3E,0
0x7056306beE0E923c12653A152a111752191C6270,0
0xB28ca4d26D71a4DaB7fEe50875d9f3CC0E9B3045,0
0x3701DBfC123D41273B8e06FBfFA255334d0b8E8c,0
0xac3269A2a0704bDe92E2a019c5b0E4F5fE323191,0
0x44e387e14aBf1ad29edEb8382eBE244b0F0B60B9,12214167800000000000
0xF651a1A246c41671814723Ad2B696be4c4945951,0
0x08966362306d819070F6a3bF902645d6922a4E1a,0
0xcac0905b4d28F50a77F3Fb9936fE75ADBA0959c2,0
0x873AF438E2DBC9705d43a8e57084d64B90CcA995,0
0x19206f03068Ec1fa140380A3a9eC8CeE2A15AeeA,0
0x27b1604050848A9e9CCB3F0c0f2c3DeE900021Ea,0
0x7dF5532107a4Fdbedc928e3B91911d4fB1513d67,0
0x6Fd3E90B57e2f026dCC60c66e77650e0461A7e9B,0
0x9a989B1273f8098e34b5777d5Bd7E317C12cC1A8,179904636109257150
0xD786B1fE1EBB4ADaFFB23F8359d23f597b350Ad2,0
0x3060Bfd7604b30DaE39a1B43B9773b0816AED1eA,0
0xb67693f90Ff6d63030A36bb5d182edf9df2616Fa,0
0x767a1062e0F0cb71e0db96868E4FaBcedC0800c4,0
0xAFBCA5750D6927B6039403db641ef40b1d9A123C,0
0x39ab7A058fD0847C4e6443BAC5B2Dd7AC9e5F93C,0
0x6C0e230904aA207bb660FA5eCC7Bb5212eE75dcD,0
0x9B5a7cE2eF34861681391b5025046661E4713d15,0
0x35Df4847603eF238095a851158AbF55ABd93f856,0
0x1e8622c07c958223161229ceb5659A17dCbE7cA0,0
0x50B516cbF09D5d5283b1925F22a6331D84E087Ed,0
0x84044cE0342243d2cE15173D96bc8618fA438b8F,0
0x366711e895988d5D1baE9731839B48e76ab32e55,0
0xE12AdFa424Ed93b9366Ff8c14AAB3800d801B9D9,0
0x63C713f111a2901b84a7dd4E7fFC42AD921EC886,0
0x2b1120e7f505432daB74A7302BfdD7Fedb46dC5f,0
0x46953f563871B98B8a6fA4A072B4688722ae4184,0
0x7559926EFF0cbA93640b44158076b9021E276E07,0
0x71D8f511e5930f4a78e9f16C82a1ead037d26eCf,0
0x0232fBbbaa7E559afe51Af7fc3528EC1e0Bf32B7,0
0xcAd821825487226C7Bab24C386912568C89c2F46,0
0x38B066324E7B34F8c33dF895488eaFcFff901CE8,0
0x0fb427965c26A35EFBDC178891918B872B1AF216,0
0x14B003b7847ae1DC2D02977Ca56f26B5C1BF617e,0
0x81C0fc11B5579EAD5Cfb848Fabec4137353C8bae,0
0xC6C3BEF41E27120b2bda9128572f77Ba5d5e2B12,0
0xDD710B690e731a0d77405566CdeD7D5e4eD3Af20,0
0x5213649AaC65E52A08D9Ca94cAfc00e499732B8D,0
0x335Ba0754d3Ecf7479F3bEB51A7B17e7E0403ea9,0
0x1717251334D7A71C2134fc0B3731120c2B3e8701,0
0x29cEdbA6860e7d79f11700E09A80186a719a17A5,0
0x052d23cE87F3293dAB8D9D67f2E9A84fBc697730,0
0x45929242Be807aF5017224c6c0802FaA19EeCf11,0
0x058d65d54D3ef3B3596Eee02f8bFcF3c3b53E5bD,0
0xF9f28282B623c2e8eF277b07bdD632176DB989E7,0
0x78aA07E4c0bF6897D5546c6f51957eB13A733bAc,0
0xaC3EB3c1CA1dc03057a38C359b8e83C0586a79d9,0
0xD948b2Cb552eA18ca296e89D4563715B03f04723,0
0xbc6c841c648FBBCe0b57C27773F2B1c3D23D4c52,0
0xC5375B0A1Da8933c94b7d6d537FEb2c4C80d9347,0
0x7524329FED2c6A5917F647583EAfd2CA7bFA1475,0
0x25b24FeeC2E28D87865383c074d4237F7c5ff849,0
0xA05B64F8333C03D84C4f7d3526ba81ABEC996970,0
0xbEB187BC094cf89f9dc31A24E611EfAD15D9edCe,0
0xe59a5b2530EB1F850eaFaAfcf68bEfbDA34eB8Ba,0
0x86F67B3D81657839e3bD7475CFD5f419FBa106a8,0
0x8F7d42474768dEf7F1B37e75F6A319A9292d5375,0
0x3A19d89c3B42b771E4Fa8Ce8264579b0Ea17E3Ce,0
0x9fF5DbD7484CE9915404695bC5BfD91d995599A8,0
0x0551af7F1864B433C3e73132a151c5AcAFe74436,0
0xDcc7Ef68517871fDb1962a0090dc9AC90384DBF7,0
0x4E19a7a89068b1419Dee6E7d3FE669122A600b53,0
0x78815067c3926cc33F7790d87460BEC779F42d4D,0
0x7FeD55561afd4760b0bD7EDC5e0312aE6C1AAc98,0
0xe0e59298fBF05A7bFae9f8cBe8ecda4aD21c9693,0
0x50C30ACdFe511a70044c327B6f24557aC93e6D1D,0
0x8e7935f88B08FFA9CbB2c0Dedffb454bd2480312,0
0x39239220169803224388b6431deFDb689570C5CB,0
0xeff1329D4ABC1ddF39B2D184CbFB64a6d03B03fD,0
0x1297Bd844C288Fc2DE008509B9d9240bf404Ec73,0
0xAF7955F5ce717b9af452F949aa0D36464ad936ea,0
0x5D1e1fACC44e8F5013cF34845EEF86E50f8dAcE3,0
0x12575De5Ba5dd145A8F1E7250A66724742975363,0
0x9a98D5F36B07c2D185e165cf5Fd47dE579155F34,0
0x9F5A0Dcf79237F002412945A343E3e0cff3A04c3,0
0xc115efa04F9C7045d1e8CD1540FF1Ae5812b6a3e,0
0x6C002A02670b2879cF8D64E6F9a37a495a38b6ab,0
0x839ab006EE6FbFA50CbC11f61BE5C31D38874F8A,0
0xBF62a93c61011C085B2e845F66aD6933dA2309e8,0
0x6E7c343d38c4bbB470DCa5d510C634C1a81889dd,0
0x0180Bd56393851a46fab05Ae627FB574DaDB5049,0
0x332D01c58f6714E012DeAF0ab1910ab949466Fb9,0
0xCeF9b5D96595F2934fc348D00f3Ef445263D3a3D,0
0x6C00419c38BE77658bF3B382C833E56677d5D56b,0
0xF9e61cb65B7A566B97209bb11Eca8113e761DABc,0
0x308f51EE084d281E295AAE1544a5c42B24A3F27A,0
0xeB98b4e95294a0D0Ae84d131fe21b826B3d0435b,0
0xd0EFe096c8059151Ce1B1EE40aC2F603DaDb8e19,0
0x8aB46328968B030EF7aE935B8521C17FEB55EF32,0
0x096414FCA1d2998B018E4b8ac53efF05e1315E3F,0
0xdbf182fa94128a364da6CdaCE30Fc954Bae52c38,0
0xb886d2d8b7a9751Ce5c750c755D3eA7114a9D285,0
0x4F81b6051a8eb026Fc6931C87D52e36d8a96533C,0
0xe3E7B913D03174DE89D8E5377f8f7996488144BF,0
0xB334209930EA1357BAFD91eA0bF95b89B6098A20,0
0x692bc428C6adb1BF2CC29d18f1F6b455319E8e78,0
0x77E04402327Fb417bd8B41BB254e565420768914,0
0x411B351F88E25355e84Aa46654deBFb702C6a7Bd,0
0xd297BafDB06E6589b52a2fa8d0EE4C5EB445B16c,0
0x1249E73a5CA36a009B227F0765e583b2a1341597,0
0xd7536E2548516BA09300D5aF32f00Df259AeC735,0
0x61970E3C1D96195efc5Bf4D62509cE8d7B979e24,0
0x2f09c6FAA5dB81c3ad18Fe24aCC8d5b455C8E0d8,0
0x56763f127567f5F3362E84D53174E9120878254b,0
0xeEee31a780C18E3AC630491A902FCc16E1Ee966c,539769129229357200000
0x56e08bABb8bf928bD8571D2a2a78235ae57AE5Bd,0
0x4a6F095Bc8768799560B0259E3150B74B75B37B7,0
0xB40005c1b841975dDa6FF115a3cf6547a8eD49F2,936152530471112900000
0xbC1434d3257897f5a08B8769D79D2D9399b3f433,0
0x22Cdde52d2651A0253FeECAEc843b3a0404E5048,0
0x989a9844594466d999254a9016715BbF0020b338,0
0xc7D785Ffb0B5f92bEB21382D44539048A5B5Df62,0
0x989Ccd94DafC890C19b467c316F1F2dbaA3f6D1C,0
0x7eb082e5356f5AdEd4853dC24F1f12A434fE1eF4,0
0x1E376fcb8B4Efcc76f617d49587cF9EA6ba9eA16,0
0x4DdFB88596633837fB35808DA04AEC24d7FfCAa1,0
0xc4b0137DE30F65A5D537Ab662CBe4d636699CA7e,0
0x1713e331aa5CD6715f3E31982C9bE8304F4c0fAE,0
0x92fB04eA5Ab45Aa16001224Bcea7112AC914aE41,0
0x0458842007D37c1D74c0508156f3C4216069EEa7,0
0x978D5F6EA088ff1677bfeA8243113A0fC23DDbCa,0
0x113a9a27b810bd45F87da55Fb0ADD21bc7e41eD7,0
0xacF85727F9621Bc00Ac1455BD4f9f39d3ccF58a6,0
0x081501CF2097b5B9bfF9C7f4D35Ef04fb5b32eb5,0
0xBFAf1e518F421074A9AcB21Ca03954352a427a4a,0
0x140d63ebc5762012FaD3c8DD6AA286606380d525,0
0xe8B13F79481c5C756538A0eD76bc1C5374a73fE5,0
0x5a47864bc5B85C65062C9798cEf60b8A6273be09,0
0xA2255416FE15E7330783e67037ce549f1C2b2D34,0
0xA1D823C8Cc4c3d5B89E95E0543E3b37bFfB118cb,0
0xD26D9def4720E3f54b3BD07B30cAcA89cFbDA564,0
0x2950e4877d29713cD3159161C407C1Ca04a5BD37,0
0x065c02aE0D2A55108dEED3413c0570507c23E842,0
0x8250a5660d31a891A74b3a027B5149DE21C6d705,0
0xc4FDe213322AE0853E7AE386050631B64a7cAA02,0
0x7B0198bA9bCD3D3feca2E66606520E1dC5Ad338C,0
0x48276FA6bC0e9597a67b1DaBbE70BB15fF83C0f6,56220056024129870000
0xA567862fB431c23571dA64DD6361a5FD8E1112Aa,0
0x3f0D41D25467e9d187B9ce9cB280d1b4665b4e5B,0
0x1D7A0e420369C4dD6ed827F41A1eC49779a901dE,0
0x4cca5741459C2A173944fE8c144DA842B61DDF1c,0
0x5d521897799769Bd79223C294e79A2C6316c9818,0
0xc12Ca084236A042A658c28c894dF95e3b80de125,0
0x6998b9a106f772F60B15654395d5329D6c61A3F8,0
0xEFaA1Df72e9613645a5F7FB90AA00E325Cc20F28,0
0x71CB1261f78D1dba1757754005B26F7472dDEd1a,0
0x7b9A9501F2bFfB364B7303D40Cc3788D2AA84EBC,0
0xC4e663D9AF03A3ac64700ac13db39148e82D9C7D,0
0x083eD3E4a39a8398079223f462E0AB6F3744a34F,0
0x595C0e67A7bba7b5A4db59e5D0730d01A71BAF91,0
0x4425Ed87e1086973eD2feDBfE728545a02944469,0
0x00d86aFeee11C7a71b6EccF1C19189fA650F2E10,0
0xF5fc1F40aEeC260658Ae53C458Aa77bc28c1B3f0,0
0xd7b7328e6313FBa04B9feAa542b2437E1cA57D22,0
0x6163d93488840D53f0008E17779Fa4546Ecb8799,0
0xbCde0d2adE03eb5256BAfC32A46B719061C19878,0
0xB668589bbDCab5D547BB9Dc4901fCe58C17fB6D9,0
0x6e4753520a859673043e5A5f10e2F43451D4a25a,0
0xf086343DF109C719434779F1A9e095C66B04A597,0
0xe7656C33Dff73A91f52E64A796f18ffbB1B263BF,0
0x2d65407a2e72B34aC4294435FD291aB9b6dC1130,0
0xE1798f0C7Ec347d0be8c4513544D43d21Cf9cF6c,0
0x0fba38f7dbA19f44f26bdd38DC9d42D9D71839b7,0
0xd54Bb6D79b83027962C3A178b263777b1E795662,0
0xd516c9877578f3d21c4221fbD3cB8D2a17312EBe,0
0x7149277cAE583c4d1B6D17BbFde51c4B9f85CB35,0
0x7aAf8Ca400f8D41748995614A3e051b3b2371D6b,0
0x37f093Ba633ece37c52F910Ef8204Bb1078afA34,0
0xE8861B3a7EE3055019056563c1585Ba7659793cc,0
0x4c52A57cce7f9855F617F289159EA9D7FCf73e03,0
0x5F9bacC959E6554A6EaF2Ab9d1283e5d8A07fc52,0
0xB02c2CfEB40Af85802406Ae80A7c5A296df55121,0
0x6bA120c97C236a19c684009c35c0bA5Efb5C4073,0
0x8485A2804d084518D0269EE7918b1e6F26Bbe294,0
0x24C6b1150E3EC02DF946376520EA299f534221e4,0
0xd80eAB64048c021Fd7F0CA881F0d8d0844C71db5,0
0xA2F27D648Ba70Da39cA67efB568115c51da9F566,0
0x1d0Cd75f3fcD06F24a6199189319740987b58Bd8,0
0xB07cF33480C4D8F44a8722fb29b3C944Bd1A08b5,0
0xCaD8E3976d5899bE97Bf274891f81402355Ff5a7,0
0xD7bEc8CA74D62C8EA2cE61F7239bfb3E1D483B68,0
0x2722a8050B89C1953c8bc7C515518e7c80e391A3,0
0x62dC58182a9c8a2DB9A6c8ae71f1D44b4b2b4949,0
0x2a7c813DFD7E3D78A4343A1c95d0C69754152ded,40666025009133370000
0xB100981fCCf7dE0F76477C1B120B849AFD485a64,0
0x84BE786c8e21fB6F3DB0a80669aADc8b9f4c9A3C,0
0xB686fB874b85D9e84026244a9AcD28896BFbB84c,0
0x35529A574378eE2b376BC12647709b7cD0eBe51b,0
0x41688a64b7e5AEA764fbbe8C4670A083a6642F35,0
0xbFc99250bEb9D51E8dC57F92761127FaaAa8d535,0
0xb2F7e99756972a88726C9F4bcc89AB5cB290bA9c,0
0xDA8781E81a2BD6106459D7403DD2A0C6085d50ee,0
0xcBaDCd47C370279c8128071f9f1b2d27428DF1fa,0
0xc25E4D9c5dE4bDF7d0b940DEBe45D02f654a5Bce,0
0xDcAEb6523A9A83eDE932D4173531248f08917a17,0
0x9f47cC41916FA37c6059a6EfF1FdD1e056A5b3c6,0
0xC9AfB8B5643Ee050300d25e52A850D1d4FA904Db,0
0xB43BD5c11DdC6EC9ad5E3Bfe86D4052b2760b569,0
0xdBdCf70158088193E4c590f3081f313da79D0973,0
0xc0EBF8cf9448be8e3aB08F2e16ccB45Fd19a29b3,0
0x755961aDb8Df6DDBbAB19B7Dc27545025A48F847,0
0xe4303ba6aA79c43A70786F612f5048AD6FB4Ad2a,0
0xB0a93B90447F035EBf73A7F40128b017Dc2678e1,0
0x69CF11F7BBbF221B91c9B2BC7D70A5F3e04Ebcfc,0
0xe95f7949992b1D51753dBb8A7eB0Bd4d1E6c1c06,0
0x0b81747F504dFC906A215e301d8b8aD82E44CBd2,1.4573233029419995e+21
0x1e465b58296d2B97E9eae1A85944cB6756898673,0
0x12a0573b6c9a30118Ec2CC4517dD553E9f9fC225,0
0x4e5789fB95C976058C63d8CA05633def3af3F63E,0
0x28508FaaA685D29F5E570c04D0B867BDc0636Ff2,0
0xd210ae3Ea4bB169163F4e9876109A2C204Ad3a87,0
0x77F1C501D139de169e523E4C7Bcc301A8C5387C5,0
0x865a4107E72BD23D03fb19d32525Fdf57D51C3B6,0
0xEcb6Bad86DbF9F373D1b7aD6d6A82FD26C67bB2E,0
0xb2b54e4df454F63c0cbbd1ffE0ADc51C47dd1Cfd,0
0xF8f7C5c80A44781d3519CF4580bD2696E61346FC,132203389840000000000
0x5B15B507E92cF9390Ed25BBCdd6188aDfc440e50,0
0xcbA483260De2CF39e5f9a96F909b4C2DfD9fe3dE,0
0x32c8beaf525A232bB4591a5cAf4bEa11e8094700,0
0xa6772ceB8A487f988C883f13fcaADF7980745fAB,0
0xC1798C61248FD8bd10F7A36305aAf7FBF7aB57e6,0
0x75232d5FD8027A6A9B789d26c5AD7139F70F3F3d,0
0xD2C143485Eda3Fe4a05383358176C30cAc303fe3,0
0xf65A8D44c6EC9823Ff7BE42b3CAc3b457aE8D520,0
0x3ff2c43382F027Fb26Ba0D1F606dBdc01fB35c13,0
0x863Fcafe33e1049364D1B123cfDf6Fa70Bfd8fDA,0
0xb0fbAB9B6b091611406fd9c7f965f2fc5D9Eb74b,0
0xd5f052d5f7fCcB407Af27912438cf9022AF9c47d,0
0x2FE168aF8218c8C6bA8AE124eE1632158CC3208F,0
0xD0AAcC549fa242026809E1F3573Da7708163CD90,0
0xEF920541fFb62F419E06778F488B164bE79D2060,0
0xdCC8f181295cFCD9Ce83f8bE87Cb16902C2e1aEf,0
0x86501Be88EBA8C60c9ABd1d430A4281DC7F5B2a3,0
0x14abf7c356fCde820032ad31e594D3B529438230,10682727411350729000
0xFa37969c4822585F3f7651beB1F621c168b80825,0
0x2423e2D4137984b0B1d3a62FdeDb4dE136625db3,0
0x36AD694e1E21f1d322fAe9Ee9735Aa18e876ffd6,13411681155728433000
0x9c4C62c12ebd76FF81B709B75140604B2cfF131e,0
0xCf94b92133C23e98788B0b091239DFfba9ceD457,0
0x83Bb3f0a71D887B3D4757cA6f68d96b1876F978A,0
0x465659A255339416509126Ab81be21AACffc0E9E,0
0x2C23a788725728C7FA65D5bDAA9134851f119ceb,0
0x54B57fc02A55420A69b987361b098415c7C4C71a,46804088023841790000
0x7caad5Ed455B2E50B44063fd91864187Eaa22298,0
0x9b50591Cd08215c71F6B172573A3052f7e96fb67,0
0x53Ce50Eff179aa6A93E91BF0DAdd6001c6f86394,0
0x5f08349808B45632e06bCE477914bc880f29E542,0
0xDc944D7391eF730A67c3D7C58314d56d6dd3F2D6,3589322034155999700
0xEDB17A43c6Ce4AbBAf9Ea02f7475532cF9a57291,0
0x3D6925DFDEC72F981205375C0eFd2C90E9F5F986,0
0x25593a3D6f847Fdf43eaAf36e7a0d5B39b6Fa7bB,0
0x59cA44043Eef01f72c5fbCb8569DC8F7aB576073,0
0x4bccF3219C7bef8e043f8849D3DAD09D29857261,0
0xf1C05Ce2978D5253323D583EB57c5375f41aDD94,0
0xB9374e8B8786103d4C244C52cCd0EB9f97E57897,0
0xb526CBCD04c0523cf9207812F0Fd9288498ebf2E,0
0xc7bffE655f7226557DeAf7f5c7926D9eC06bf96D,0
0x3bb2e49680cF6be424B2b747aa6D2428930428fa,0
0xBD5D79B1b51115d7610EF457e3ae693C71cE54fe,0
0x7CCe55c1A04866e77139283458Ae5D98EaEBcea0,0
0xEd8fc2cc80B5D6D007275c7D7b29C2c7d1c812D0,0
0x0D38b8d33149ea2e972E11FEA59a99cd61c5aA15,0
0x7a3Ab277051b04AF8CA1334B0f4a873555AD9b30,0
0x33132d60e297bac7b31Ee5b70c54f9dE89a93908,0
0x16F3FF40b8ED06dF4a10339460688a9479c7EbCa,0
0xE2ee6bfd080e5d7E05D3023b03f6A0E45F32960C,0
0xde5Aa7b7b3c377d4b34675A2c760e4fB4b0BF797,0
0x7Fc43b682FF5663D6590817Dbb47a80Da9Ea91cc,0
0x505dE0EEF525A38079216166C1EF5ed7d5129A5E,0
0xD870a6A684ce3B2B864F7224E9065a640E7e639E,0
0x40D436ef50E4eA75cDEB970131eACE5F616034aF,0
0x7Be7781C844160faFA86aDF95eb818C7b99a9aC7,0
0x26C5eF3A3c7B85e8446Ad6a60C00A31E02145956,0
0xfc5081202D094ad46d09eF1d1663b3ae333dB98D,917973854554306400000
0xFf6f33768Df7A93F983f0a9C96Fa24d4890E1677,93301011026000300000
0xAFc281Fd1B0DbfF9DddCccc41E5b90ff55c28311,12182542373756000000
0x58521aa34F4D455be47d786626493aEB459B1f1c,188791241970879460000
0x90791dA4466D29ef33dF299D6417E187e9644fD7,832114130245131600000
0xE4Ec54ed041BA83F044F610DcEE9cf769eDC6C41,111920759869369070000
0x4394F88BeF973e46f3E92D073D895B04bdC65eab,7140047205652113000
0xeFa6587325d84a055FB2B85165810F4f631E4BAB,671939169166299000000
0x211eddD25eA24981687FBc96C663D01DF4BCA043,44756192044363860000
0x6aE098A5035a885a1e564Fc859093FD67Fa5E603,18973345275958950000
0x4EDa9ae2a25E738481BC0a35132721F724E73D88,611631971187090700000
0x5d374301980CE66e5D8E70542b738834cB127Cc1,7744772784810141000
0x6D28658Ee47b59235f52426CbEF8bb07b482B4ed,15977301886239113000
0x100445cD05035e269C09F2fa06E87Dae43454B0B,1.8634279327997202e+21
0xe82df41011fF54aDAcD6Ea247Aa450F2C9b7d8Eb,197143261689096830000
0x593D3090BB8952f26BF7BEa1098beF8185714938,109126531281986550000
0x66f07d6B81074F68DBE7bb7c6c42B0a52EDB51D2,428294090421420560000
0x2Bb302959a0a394f13962C2c452a2F766614c241,17101731534853188000
0x9160e8b23C2085b50e2b2cdd377c01B6BF07aD98,73722618965122070000
0x00f26aED862DfAFE07859660f548eA6C90448230,21703260039359760000
0x94D17b35838BB55d911A3b481Ce088203417e16F,17766214900969499000
0x2DD558A54b8f4346D7463b81F6985B464056675D,12667994394038657000
0xDFbA83A810B3fCf66ece51EE5b0fD6998D0e8890,58007705027878625000
0xbB7b7F614780D3B06081C2855F4C31f4A918D687,16029661018100000000
0x6b84c3f6fAEBC4eb1D93c8Bfc058DE3B250c2d04,30742892681479995000
0x91B5dDa7288E0E0Ca64b404950c642B316aAe6b5,42943613520362930000
0xFE011E6CB100c01390dD3D1d61e6ec66BAC5B786,97172541589753070000
0xf10a0711DBD91bd97aB755c82258830b29f7C53A,32059433595184366000
0xD4F2beA4579B27c2F037758e0dB2f2B0d8eeD36F,1.0240812423529364e+21
0x2FE44AEFFCC53022D6BEF893b3E0B23225a41C96,628259698465252800000
0x862F88c87d517b309AF4073F0394e4DdFBE1C89B,369782719729203940000
0x71A0FeB166ced46f62940aE69a66A7bB5575aA0E,1931285417333408300
0x2118D87992d579d04Ffc80D44E3fc84104D09Dc8,8361128272026627000
0x51B52E9b55977586F5723Bd303aA21696cF162CE,4.188810582964674e+21
0x6366304bb24e76818930AA1823bE0f3417bC7713,223843607635193760000
0x49Deb134B43340DBDf898fF7c6fa4b2643e7F3af,4350448972169923600
0x31771D3c780d5f7EaEaf3243425eCF2Be8D14667,364466636068162760000
0x88643B413790052D6386EB21b6Ca3F902Ea36Bda,1.3759085691986092e+22
0xA4bC31f18B4736c7279Da9CD5e805c8a218077eF,1.2679740899230503e+22
0x5D18bca2444eC5377108EebD7179fB8a48701132,182592925436655860000
0xB0D4B732F4eB0934cAe4C0d4e2D15926f7CF21d5,9038593974861902000
0xf04bD9c8F162a078afEfAA4E348A8675A4fA26ae,1330802932235221000
0x09566313171Bc7c594C5bc72d12F2423EaD38546,2958992775645479400
0x051B7FebA2283926f4d7f6AA060D1E9e09146810,271064255903998570000
0xc304A76B744D4ECcAe0f1dF4C7E7443520e53373,994858116188741800000
0x048ea25249d41C94698bd54612aE5BdfC08A383F,3577073261682384400
0x86543f95c92e2759Ba76F6d0FCC6230362ad7ED0,953430333434255200000
0xf34EC24C8242558d14ba8BA009114F5D8F92C48A,197723597292016450
0x6A482553e4ef226dF39d5392905cCC405823020f,67060344628027605000
0x46E098e60C6AdE67AbE1453491Bc8f1e1a1Fc8d3,11819451023600808000
0x861E55d68c2bD6aEfAF199b5a94e2fa97d729F60,3439481124762419000
0x681326cEf79a6390664bE36b37Bba34b76e152b9,3092368907497434600
0xAD3E9501Bff38719FE4bec52b52046F67C29e927,4656173275085614
0x2C29cFfD0dc7903Cd8234C90dCb23dcD9f24B954,15311527910659936000
0x85CD248C58190821bA68Bea3C6D47cF52A3edD5f,15966479578671335000
0xA410e2678908FB7C8A80A6fAd91B90F9bAA9683f,33513864343502807000
0x92Af51179448313D0Cab834f1888658f069948D1,62304903266524460000
0xF184d76b9345A646bd4e48517929950201F4d579,3994398384943891500
0x83d3959aE098d5D8a4D0242fF8fc7A00b8f5c60e,3900000000280000000
0xE2f4A6c2D1361607B6b72f998D909e1E8F2F802d,4620508474908000000
0xaE4eeCa87C34A8E5367FB87B686d71A741234D9e,1933990497688792000
0x10ffBe848ca562Cb961BC9E373e2035EBB67539A,3003960208597330000
0x83c4b908f6E78965582B68b2001b1fa86e11d692,27269523990728667000
0x3f5AFE475e7025700726533B48EbcAcC6ca4D11C,15271818688067406000
0xe3c94dAEF097fAc12Dbd1F124dABeF9a338681e2,32996445863390520
0x974bAa813dCF03Bb97b194bAdAe967183Bf3424e,105586768850772660000
0xc26Ebfb7a5Ad0C0e20EBcE1027C01828A6F8C932,16401954950331945000
0x59E754117A5F755B46508B0876252Ea4672eDC0A,3830878169139256300
0xFc8C239091A90AE4c197B3446ef94A1C623879C8,1399559059534850800
0xb0de16C149D0870C4ffEa2DAEC98588082B64373,1901197109458799900
0x035186F3d19F6068A87837f9007F6E4fA23e15c9,1499870284553449200
0x0bF54247852fA851C2CC6e0c3ee515D72B3FbEfB,1735986568683448800
0xb3cAd561Bc07648DE83EBe25792BC6f91375f9f7,4404742670088000000
0x0760646b5C51Be02b293d6Fdd9ad52D6540cDCea,2789694633018185700
0xe7D46987b3E8Fce0b2C8D2D9Ab1F2CE204CE166d,133926078298263320000
0x1Bac0aB8486B446788Ac15f9F23526faABa10ba5,154812796924873830000
0x591de72feD568F3b6c2c96ba5aAa58ffec5CD108,1673315006463864600
0xE6b06cf6F3a9027abdC1DCd97a2C562856b2EF99,1811632530381564200
0xc7b33B47E3f442a14283826549065800455453bd,60245418785649345000
0xd2931f07B86850E870742f0cD460E38B6D99eeED,715736012833901300
0x69f47bb74b855Ada42237E82E65CD724764fabAa,5748993084495152000
0x6e445054CFcCB6FB9A5Cd459Ac88ff38d4099244,5490817559881915000
0x644de2E84b3c8324bed572B130e8938beAC349F1,5603998308000000000
0xeCC367BDE45Ac5119e3a7A6aA5784B74931099E5,8995182575333839000
0x590E0d856476886943F8d1E716F281f578Eb19cB,5603998308000000000
